,Unnamed: 0,SKU,Params,Score
0,0,10000007,"(3, 0.29, 0, 0, 4, 3)",0.08146197388534465
1,0,10000014,"(4, 0.29, 0, 0, 2, 3)",0.1008501920740231
2,0,10000017,"(3, 0.21, 0, 0, 2, 0)",0.23031272818699017
3,0,10000026,"(4, 0.29, 0, 0, 3, 0)",0.10908704492537404
4,0,10000038,"(4, 0.01, 0, 0, 1, 0)",0.41273864167841934
5,0,10000058,"(4, 0.29, 0, 0, 2, 3)",0.0816558425504739
6,0,10000066,"(2, 0.25, 0, 0, 4, 3)",0.20548614878932595
7,0,10000072,"(3, 0.29, 0, 0, 4, 2)",0.05163971733304154
8,0,10000073,"(2, 0.01, 0, 0, 1, 2)",0.09083735444194196
9,0,10000077,"(4, 0.29, 0, 0, 1, 0)",0.2116771359699316
10,0,10000079,"(3, 0.29, 0, 0, 2, 2)",0.1939241723468494
11,0,10000102,"(3, 0.25, 0, 0, 1, 0)",0.10162888619823532
12,0,10000103,"(4, 0.05, 0, 0, 3, 0)",0.1600337816117701
13,0,10000105,"(3, 0.13, 0, 0, 1, 0)",0.09574310215026283
14,0,10000115,"(4, 0.29, 0, 0, 3, 2)",0.09088745302527437
15,0,10000116,"(4, 0.13, 0, 0, 1, 0)",0.135015655674165
16,0,10000141,"(2, 0.17, 0, 0, 2, 0)",0.09058113845849829
17,0,10000425,"(4, 0.17, 0, 0, 1, 2)",0.10203868317982259
18,0,10000428,"(4, 0.21, 0, 0, 2, 2)",0.16266537072224047
19,0,10000449,"(2, 0.25, 0, 0, 1, 2)",0.1468884585317033
20,0,10000450,"(2, 0.29, 0, 0, 3, 0)",0.18282034644272857
21,0,10000452,"(4, 0.29, 0, 0, 3, 0)",0.2830993231566145
22,0,10000454,"(4, 0.29, 0, 0, 2, 2)",0.11325824149015293
23,0,10000466,"(4, 0.29, 0, 0, 4, 2)",0.12988630809191729
24,0,10000469,"(4, 0.25, 0, 0, 1, 0)",0.1125090427309708
25,0,10000485,"(4, 0.13, 0, 0, 1, 0)",0.24742648048943072
26,0,10000488,"(2, 0.29, 0, 0, 1, 3)",0.14924064106753207
27,0,10000490,"(3, 0.09, 0, 0, 2, 2)",0.10828387999777352
28,0,10000494,"(3, 0.01, 0, 0, 1, 0)",0.1352833467533563
29,0,10000497,"(2, 0.01, 0, 0, 2, 2)",0.31455980947617834
30,0,10000511,"(4, 0.29, 0, 0, 1, 3)",0.17027394093040815
31,0,10000515,"(2, 0.01, 0, 0, 4, 2)",0.06490387435812275
32,0,10000516,"(2, 0.13, 0, 0, 2, 3)",0.08563377981533132
33,0,10000531,"(4, 0.09, 0, 0, 1, 0)",0.10476680686437137
34,0,10000534,"(4, 0.21, 0, 0, 3, 2)",0.20275384224132237
35,0,10000540,"(4, 0.01, 0, 0, 1, 2)",0.10713146813072418
36,0,10000541,"(2, 0.17, 0, 0, 1, 0)",0.19741925301188878
37,0,10000542,"(3, 0.09, 0, 0, 1, 2)",0.10831155480110824
38,0,10000547,"(4, 0.21, 0, 0, 3, 2)",0.8576801352148185
39,0,10000548,"(2, 0.01, 0, 0, 4, 0)",0.04131331463973276
40,0,10000559,"(3, 0.01, 0, 0, 2, 2)",0.13487544146756233
41,0,10000563,"(4, 0.09, 0, 0, 1, 2)",0.06877813935771664
42,0,10000566,"(2, 0.17, 0, 0, 4, 2)",0.10566278541271203
43,0,10000569,"(4, 0.25, 0, 0, 1, 2)",0.22976803694777098
44,0,10000570,"(4, 0.01, 0, 0, 1, 3)",0.27185991469129717
45,0,10000578,"(3, 0.25, 0, 0, 4, 2)",0.16119720729760284
46,0,10000579,"(4, 0.17, 0, 0, 1, 3)",0.06513700091828588
47,0,10000580,"(4, 0.25, 0, 0, 1, 3)",0.08106559163422414
48,0,10000582,"(4, 0.01, 0, 0, 3, 3)",0.08464034421983549
49,0,10000586,"(2, 0.09, 0, 0, 1, 0)",0.1509868667439518
50,0,10000611,"(4, 0.25, 0, 0, 4, 3)",0.18520061097441887
51,0,10000617,"(2, 0.13, 0, 0, 3, 3)",0.078437838968781
52,0,10000628,"(4, 0.29, 0, 0, 4, 2)",0.07722208091661992
53,0,10000629,"(4, 0.29, 0, 0, 2, 0)",0.11840507581880251
54,0,10000635,"(2, 0.01, 0, 0, 1, 3)",0.12418277288593488
55,0,10000641,"(4, 0.05, 0, 0, 2, 3)",0.08150493601472972
56,0,10000646,"(3, 0.05, 0, 0, 1, 2)",0.09855613994725224
57,0,10000698,"(3, 0.29, 0, 0, 3, 0)",0.10687072036263631
58,0,10000712,"(4, 0.29, 0, 0, 3, 0)",0.18322380938243552
59,0,10000739,"(4, 0.29, 0, 0, 1, 0)",0.3122994850581206
60,0,10000743,"(4, 0.01, 0, 0, 2, 2)",0.20771978843499572
61,0,10000830,"('Insuficiente Data', 0)",inf
62,0,10000834,"(3, 0.29, 0, 0, 4, 0)",0.1914573850687794
63,0,10000861,"(3, 0.05, 0, 0, 3, 0)",0.08378900147012092
64,0,10000880,"(2, 0.25, 0, 0, 1, 3)",0.16267307013996368
65,0,10000881,"(4, 0.29, 0, 0, 4, 2)",0.3106257296865408
66,0,10000885,"(4, 0.29, 0, 0, 2, 2)",0.4115226580738619
67,0,10000886,"(3, 0.01, 0, 0, 4, 2)",0.112459371654684
68,0,10000891,"(4, 0.09, 0, 0, 1, 3)",0.2180481427823802
69,0,10000893,"(4, 0.17, 0, 0, 3, 0)",0.1325670677801666
70,0,10000895,"(4, 0.29, 0, 0, 1, 0)",0.12311070059069154
71,0,10000903,"(4, 0.01, 0, 0, 4, 2)",0.06811508494821236
72,0,10000911,"(2, 0.25, 0, 0, 4, 3)",0.11699532106805668
73,0,10000919,"(2, 0.25, 0, 0, 1, 2)",0.14262479007174744
74,0,10000922,"(2, 0.05, 0, 0, 1, 3)",0.29361282237792174
75,0,10000924,"(3, 0.21, 0, 0, 2, 2)",0.11427115439497318
76,0,10000948,"(3, 0.01, 0, 0, 4, 0)",0.23425810002172825
77,0,10000953,"(4, 0.09, 0, 0, 1, 0)",0.16996913530900562
78,0,10000959,"(3, 0.01, 0, 0, 4, 3)",0.1267321659329504
79,0,10000961,"(4, 0.17, 0, 0, 1, 2)",0.4068442777169513
80,0,10000972,"(2, 0.25, 0, 0, 2, 2)",0.10602442792442184
81,0,10000981,"(3, 0.29, 0, 0, 2, 0)",0.19133167521512165
82,0,10000987,"(4, 0.21, 0, 0, 3, 3)",0.36101194325460295
83,0,10000993,"(2, 0.29, 0, 0, 1, 2)",0.18796639233994103
84,0,10000996,"(3, 0.25, 0, 0, 1, 0)",0.31855128718066017
85,0,10000998,"(3, 0.25, 0, 0, 4, 3)",0.22655542607712617
86,0,10001000,"(2, 0.05, 0, 0, 4, 0)",0.17828530620136124
87,0,10001001,"(4, 0.29, 0, 0, 1, 2)",0.06338481370828619
88,0,10001008,"(2, 0.01, 0, 0, 1, 2)",0.25002959911733513
89,0,10001013,"(2, 0.21, 0, 0, 1, 0)",0.0977561878841932
90,0,10001017,"(4, 0.29, 0, 0, 2, 0)",0.3037522282394085
91,0,10001025,"(4, 0.01, 0, 0, 1, 2)",0.10961068548738655
92,0,10001028,"(3, 0.21, 0, 0, 1, 3)",0.10609585424767526
93,0,10001036,"(2, 0.09, 0, 0, 4, 0)",0.12011138020221776
94,0,10001044,"(2, 0.01, 0, 0, 3, 2)",0.14675932585302098
95,0,10001055,"(4, 0.01, 0, 0, 2, 2)",0.16011285816652931
96,0,10001084,"(4, 0.01, 0, 0, 3, 0)",0.1794337402556655
97,0,10001132,"(3, 0.25, 0, 0, 2, 3)",0.2280796271861133
98,0,10001133,"(4, 0.25, 0, 0, 4, 3)",0.20688737459066844
99,0,10001134,"(2, 0.13, 0, 0, 1, 0)",0.1392014993841843
100,0,10001145,"(2, 0.01, 0, 0, 1, 3)",0.7704857514518376
101,0,10001149,"(4, 0.25, 0, 0, 3, 3)",0.19175443938335565
102,0,10001158,"(3, 0.29, 0, 0, 3, 0)",0.25454574360337373
103,0,10001159,"(2, 0.17, 0, 0, 1, 2)",0.18750404551549402
104,0,10001160,"(2, 0.17, 0, 0, 1, 0)",0.23897882631846815
105,0,10001213,"(4, 0.25, 0, 0, 1, 2)",0.21451122362720404
106,0,10001217,"(2, 0.29, 0, 0, 3, 0)",0.16001802066855336
107,0,10001219,"(2, 0.05, 0, 0, 1, 0)",0.36224865163809455
108,0,10001220,"(3, 0.29, 0, 0, 1, 2)",0.13561726498763418
109,0,10001221,"(2, 0.25, 0, 0, 2, 2)",0.16620169173524868
110,0,10001222,"('Insuficiente Data', 0)",inf
111,0,10001223,"(4, 0.29, 0, 0, 2, 0)",0.38527944865096025
112,0,10001224,"(4, 0.21, 0, 0, 3, 3)",0.1346696953671558
113,0,10001239,"(4, 0.21, 0, 0, 3, 0)",0.18717680049496133
114,0,10001243,"(4, 0.13, 0, 0, 2, 3)",0.05491166630498931
115,0,10001259,"(2, 0.01, 0, 0, 2, 3)",0.07048905378733403
116,0,10001260,"(2, 0.21, 0, 0, 1, 3)",0.18696344287944472
117,0,10001301,"(4, 0.21, 0, 0, 1, 2)",0.09619673393079178
118,0,10001323,"(2, 0.29, 0, 0, 2, 3)",0.06249972714881261
119,0,10001352,"(3, 0.25, 0, 0, 4, 2)",0.43882738030034535
120,0,10001354,"(2, 0.01, 0, 0, 2, 0)",0.15753867981852845
121,0,10001426,"(3, 0.25, 0, 0, 4, 0)",0.20991845978591422
122,0,10001451,"(3, 0.25, 0, 0, 2, 3)",0.09149586996086521
123,0,10001453,"(2, 0.01, 0, 0, 4, 0)",0.16099999427766518
124,0,10001454,"(2, 0.01, 0, 0, 4, 3)",0.13659780613159062
125,0,10001457,"(4, 0.21, 0, 0, 4, 2)",0.10677258051505759
126,0,10001458,"(4, 0.17, 0, 0, 3, 3)",0.06765088097567072
127,0,10001459,"(4, 0.29, 0, 0, 3, 0)",0.1568730123848316
128,0,10001472,"(2, 0.21, 0, 0, 2, 0)",0.4438388334262723
129,0,10001473,"(4, 0.21, 0, 0, 3, 2)",0.39203353786366
130,0,10001508,"(2, 0.29, 0, 0, 1, 3)",0.13753004901395277
131,0,10001537,"(4, 0.01, 0, 0, 1, 2)",0.1581522720078056
132,0,10001544,"(3, 0.29, 0, 0, 2, 3)",0.15812503493290897
133,0,10001549,"(2, 0.21, 0, 0, 1, 3)",0.13326700650119194
134,0,10001556,"(2, 0.01, 0, 0, 4, 2)",0.179227537589788
135,0,10001558,"(2, 0.29, 0, 0, 4, 0)",0.14023491668757707
136,0,10001561,"(2, 0.21, 0, 0, 3, 0)",0.49486856173989935
137,0,10001564,"(3, 0.25, 0, 0, 1, 3)",0.4734073496158848
138,0,10001570,"(2, 0.25, 0, 0, 1, 2)",0.2680336508278429
139,0,10001586,"(2, 0.29, 0, 0, 1, 0)",0.16148839857651323
140,0,10700002,"(4, 0.29, 0, 0, 2, 2)",0.10695086313199248
141,0,10700010,"(2, 0.29, 0, 0, 1, 0)",0.13254440016172023
142,0,11000020,"(2, 0.29, 0, 0, 1, 0)",0.5043274319789348
143,0,11000162,"(2, 0.05, 0, 0, 4, 2)",0.15259959570813836
144,0,11000171,"(4, 0.21, 0, 0, 1, 3)",0.6366159310738266
145,0,11000229,"(3, 0.21, 0, 0, 4, 2)",0.10289373170440475
146,0,11000236,"(4, 0.21, 0, 0, 1, 0)",0.31240386389784636
147,0,11000282,"(2, 0.01, 0, 0, 4, 0)",0.3205594138290866
148,0,11000284,"(4, 0.09, 0, 0, 2, 0)",0.2636633057637664
149,0,11000285,"(2, 0.01, 0, 0, 4, 0)",0.2144062674296358
150,0,11000287,"(4, 0.05, 0, 0, 4, 0)",0.2449562883079153
151,0,11000326,"(4, 0.01, 0, 0, 1, 3)",0.21787930336616992
152,0,11000327,"(2, 0.17, 0, 0, 3, 0)",0.13936891393993794
153,0,11000328,"(4, 0.25, 0, 0, 3, 2)",0.19601724655308272
154,0,11000329,"(3, 0.29, 0, 0, 4, 0)",0.20119972375539252
155,0,11000330,"(4, 0.21, 0, 0, 1, 0)",0.09602740221254444
156,0,11000333,"(4, 0.25, 0, 0, 3, 2)",0.12285979337261443
157,0,11000334,"(4, 0.05, 0, 0, 3, 2)",0.20308547846119474
158,0,11000351,"(2, 0.21, 0, 0, 4, 0)",0.3155024419850964
159,0,11000352,"(2, 0.25, 0, 0, 2, 2)",0.2011353241989428
160,0,11000353,"(4, 0.29, 0, 0, 2, 0)",0.17224389131396817
161,0,11000354,"(4, 0.05, 0, 0, 4, 2)",0.14788815170559397
162,0,11000356,"(4, 0.29, 0, 0, 4, 2)",0.17038559437387552
163,0,11000357,"(2, 0.05, 0, 0, 2, 0)",0.23568065309717906
164,0,11000373,"(4, 0.29, 0, 0, 1, 3)",0.30697846852338584
165,0,11000378,"(3, 0.25, 0, 0, 4, 0)",0.16406710253492607
166,0,11000489,"('Insuficiente Data', 0)",inf
167,0,11000588,"(2, 0.21, 0, 0, 4, 3)",0.2183557325567211
168,0,11000602,"(4, 0.13, 0, 0, 4, 2)",0.20624712332073494
169,0,11000772,"(2, 0.09, 0, 0, 2, 2)",0.12997405954897756
170,0,11000773,"(2, 0.09, 0, 0, 3, 0)",0.13971960268927688
171,0,11000774,"(2, 0.13, 0, 0, 3, 2)",0.22164320553348
172,0,11000775,"(2, 0.25, 0, 0, 3, 3)",0.15864182341169136
173,0,11000776,"(3, 0.01, 0, 0, 4, 3)",0.14259193492130368
174,0,11000787,"(4, 0.25, 0, 0, 4, 2)",0.10376775268932933
175,0,11000792,"(3, 0.25, 0, 0, 1, 3)",0.23559654607443553
176,0,11000793,"(4, 0.25, 0, 0, 4, 0)",0.19652068803045977
177,0,11000889,"(3, 0.29, 0, 0, 1, 0)",0.2706408332510494
178,0,11000920,"(2, 0.25, 0, 0, 2, 3)",0.4638398476999373
179,0,11000998,"(2, 0.01, 0, 0, 4, 2)",0.29214657933558397
180,0,11001003,"(4, 0.01, 0, 0, 3, 0)",0.13638362772842666
181,0,11001048,"(2, 0.21, 0, 0, 1, 3)",0.09893733114186996
182,0,11001064,"(3, 0.09, 0, 0, 3, 3)",0.0634946189363691
183,0,11001065,"(3, 0.09, 0, 0, 4, 3)",0.1143286820183605
184,0,11001164,"(2, 0.29, 0, 0, 3, 2)",0.1859552097848901
185,0,11001173,"(4, 0.25, 0, 0, 4, 2)",0.1311949789495198
186,0,11001174,"(2, 0.01, 0, 0, 4, 0)",0.07002220003802714
187,0,11001176,"(4, 0.13, 0, 0, 2, 2)",0.08199762360273452
188,0,11001177,"(2, 0.21, 0, 0, 1, 0)",0.08049796746819102
189,0,11001178,"(2, 0.25, 0, 0, 3, 3)",0.1108065681326399
190,0,11001179,"(4, 0.25, 0, 0, 1, 2)",0.10376070284918115
191,0,11001180,"(2, 0.29, 0, 0, 3, 2)",0.09378170504631335
192,0,11001190,"(4, 0.13, 0, 0, 4, 2)",0.0813754376207284
193,0,11001193,"(4, 0.29, 0, 0, 3, 3)",0.08266932451587428
194,0,11001203,"(2, 0.01, 0, 0, 4, 2)",0.1559972476577622
195,0,11001206,"(4, 0.25, 0, 0, 1, 0)",0.10843791645204018
196,0,11001211,"(2, 0.29, 0, 0, 2, 0)",0.14136299843223143
197,0,11001274,"(2, 0.01, 0, 0, 2, 3)",0.11206702231069138
198,0,11001383,"(4, 0.17, 0, 0, 1, 0)",0.13624726982489624
199,0,11001392,"(2, 0.09, 0, 0, 4, 0)",0.07374659124156598
200,0,11001397,"(4, 0.13, 0, 0, 2, 2)",0.1290213663795824
201,0,11001400,"(3, 0.05, 0, 0, 1, 3)",0.08457466490918181
202,0,11001517,"(3, 0.29, 0, 0, 1, 3)",0.2095475930743105
203,0,11001612,"(2, 0.13, 0, 0, 2, 0)",0.16693338792697182
204,0,11002037,"(2, 0.01, 0, 0, 4, 2)",0.10434888044544756
205,0,11002156,"(3, 0.25, 0, 0, 1, 0)",0.16973164365632928
206,0,11002157,"(4, 0.17, 0, 0, 1, 2)",0.16027983382334682
207,0,11002158,"(3, 0.13, 0, 0, 1, 3)",0.15935386867366105
208,0,11002211,"(2, 0.29, 0, 0, 2, 3)",0.22731952205921624
209,0,11002218,"(3, 0.29, 0, 0, 4, 3)",0.2912408912781752
210,0,11002224,"(3, 0.29, 0, 0, 3, 0)",0.21434020928204736
211,0,11002239,"(3, 0.21, 0, 0, 3, 2)",0.08016937168506127
212,0,11002243,"(4, 0.17, 0, 0, 3, 0)",0.07532638344150466
213,0,11002245,"(2, 0.01, 0, 0, 1, 2)",0.4998392972475389
214,0,11002247,"(3, 0.13, 0, 0, 2, 2)",0.48059900512576437
215,0,11002249,"(4, 0.21, 0, 0, 2, 3)",0.31426993069967124
216,0,11002336,"(3, 0.29, 0, 0, 4, 2)",0.279327673632037
217,0,11002337,"(4, 0.09, 0, 0, 1, 2)",0.19459788935942143
218,0,11002338,"(4, 0.17, 0, 0, 3, 0)",0.16009852646198156
219,0,11002407,"(3, 0.05, 0, 0, 1, 2)",0.2845326766855915
220,0,11002461,"(2, 0.25, 0, 0, 1, 0)",0.17496664097997489
221,0,11002462,"(4, 0.21, 0, 0, 2, 0)",0.13154976842281474
222,0,11002463,"(3, 0.13, 0, 0, 1, 3)",0.1706486297752372
223,0,11002464,"(4, 0.05, 0, 0, 1, 3)",0.15189273278819634
224,0,11002579,"(2, 0.25, 0, 0, 3, 3)",0.11166415319962883
225,0,11002580,"(2, 0.21, 0, 0, 3, 2)",0.09347606085690371
226,0,11002586,"(2, 0.21, 0, 0, 3, 3)",0.17205470216900998
227,0,11002593,"(4, 0.29, 0, 0, 2, 2)",0.07169922861993078
228,0,11002596,"(2, 0.01, 0, 0, 2, 0)",0.1568093005582519
229,0,11002597,"(2, 0.13, 0, 0, 2, 0)",0.14452572901926608
230,0,11002599,"(4, 0.25, 0, 0, 1, 2)",0.10365102921192672
231,0,11002648,"(3, 0.25, 0, 0, 4, 3)",0.08310248642883708
232,0,11002664,"(4, 0.29, 0, 0, 1, 0)",0.45220703355738784
233,0,11002670,"(2, 0.09, 0, 0, 1, 0)",0.21147964737683198
234,0,11002671,"(4, 0.25, 0, 0, 4, 3)",0.32455628835681677
235,0,11002672,"(2, 0.25, 0, 0, 4, 2)",0.3300037276831179
236,0,11002717,"(2, 0.05, 0, 0, 4, 3)",0.4167503616068321
237,0,11002725,"(2, 0.25, 0, 0, 4, 2)",0.14284399679697007
238,0,11002728,"(3, 0.25, 0, 0, 1, 2)",0.24971045644141335
239,0,11002909,"('Insuficiente Data', 0)",inf
240,0,11002953,"('Insuficiente Data', 0)",inf
241,0,11003244,"(4, 0.21, 0, 0, 2, 0)",0.10234162773409416
242,0,11003302,"(4, 0.21, 0, 0, 3, 2)",0.20276466079383149
243,0,11003303,"(2, 0.17, 0, 0, 1, 0)",0.3030288207272822
244,0,11003334,"(4, 0.01, 0, 0, 4, 3)",0.3604325688586904
245,0,11003335,"(4, 0.25, 0, 0, 2, 2)",0.3713323694184553
246,0,11003349,"(3, 0.13, 0, 0, 3, 2)",0.3019303921382006
247,0,11003350,"(2, 0.17, 0, 0, 2, 2)",0.2538778606131314
248,0,11003351,"(2, 0.29, 0, 0, 4, 3)",0.16872287912663275
249,0,11003352,"(4, 0.01, 0, 0, 2, 2)",0.2624676060518553
250,0,11003402,"(2, 0.21, 0, 0, 3, 3)",0.03541874029135355
251,0,11003492,"(2, 0.21, 0, 0, 4, 3)",0.12734644299057377
252,0,11003515,"(2, 0.25, 0, 0, 1, 2)",0.28326641230530447
253,0,11003524,"(3, 0.29, 0, 0, 3, 0)",0.1957642132333211
254,0,11003525,"(2, 0.25, 0, 0, 1, 3)",0.320262687581886
255,0,11003643,"('Insuficiente Data', 0)",inf
256,0,11003662,"(4, 0.21, 0, 0, 3, 2)",0.16762889608584647
257,0,11003671,"(4, 0.29, 0, 0, 4, 3)",0.029154944038134824
258,0,11003674,"(3, 0.29, 0, 0, 1, 0)",0.26463803290540394
259,0,12000352,"(4, 0.13, 0, 0, 3, 0)",0.17405498666004893
260,0,12000503,"(4, 0.21, 0, 0, 1, 0)",0.22777853112237015
261,0,12000507,"('Insuficiente Data', 0)",inf
262,0,12000533,"('Insuficiente Data', 0)",inf
263,0,12000543,"(2, 0.17, 0, 0, 3, 3)",0.5410849698805792
264,0,12000544,"('Insuficiente Data', 0)",inf
265,0,12000550,"(2, 0.01, 0, 0, 4, 3)",0.6209381488044795
266,0,12000578,"('Insuficiente Data', 0)",inf
267,0,12000579,"(3, 0.29, 0, 0, 1, 3)",0.33846577619491075
268,0,12000587,"('Insuficiente Data', 0)",inf
269,0,12000589,"(2, 0.01, 0, 0, 4, 3)",0.32665461526468703
270,0,12000601,"(4, 0.01, 0, 0, 1, 0)",0.36964877874396374
271,0,12000602,"('Insuficiente Data', 0)",inf
272,0,12000603,"(3, 0.21, 0, 0, 2, 0)",0.23462869072654755
273,0,12000607,"('Insuficiente Data', 0)",inf
274,0,12000608,"('Insuficiente Data', 0)",inf
275,0,12000613,"(2, 0.05, 0, 0, 4, 3)",0.3124983699163518
276,0,12000616,"(3, 0.29, 0, 0, 1, 2)",0.3066474047754051
277,0,12000620,"(4, 0.13, 0, 0, 3, 0)",0.25882695014487406
278,0,12000622,"(2, 0.25, 0, 0, 1, 3)",0.24465895722575884
279,0,12000623,"(2, 0.01, 0, 0, 4, 2)",0.12854304016226045
280,0,12000624,"(2, 0.13, 0, 0, 2, 2)",0.14094601532802267
281,0,12000625,"('Insuficiente Data', 0)",inf
282,0,12000626,"('Insuficiente Data', 0)",inf
283,0,12000629,"('Insuficiente Data', 0)",inf
284,0,12000636,"('Insuficiente Data', 0)",inf
285,0,12000640,"('Insuficiente Data', 0)",inf
286,0,12000642,"('Insuficiente Data', 0)",inf
287,0,12000658,"('Insuficiente Data', 0)",inf
288,0,12000660,"(3, 0.25, 0, 0, 2, 3)",0.2681749445376883
289,0,12000661,"(2, 0.01, 0, 0, 1, 2)",0.24558201942700136
290,0,12000669,"(4, 0.17, 0, 0, 4, 3)",0.4651287306054675
291,0,12000670,"(2, 0.05, 0, 0, 2, 3)",0.5461073765781651
292,0,12000683,"(2, 0.17, 0, 0, 1, 0)",0.35508827351587374
293,0,12000684,"(3, 0.25, 0, 0, 2, 3)",0.5313554307586826
294,0,12000687,"(4, 0.21, 0, 0, 3, 0)",0.2935130430802147
295,0,12000713,"(2, 0.25, 0, 0, 2, 2)",0.499994594652975
296,0,12000841,"('Insuficiente Data', 0)",inf
297,0,12000849,"('Insuficiente Data', 0)",inf
298,0,12000851,"('Insuficiente Data', 0)",inf
299,0,12000854,"(2, 0.01, 0, 0, 4, 2)",0.4526952306010085
300,0,12000900,"(2, 0.25, 0, 0, 3, 2)",0.49870158688741756
301,0,12000905,"('Insuficiente Data', 0)",inf
302,0,12000906,"('Insuficiente Data', 0)",inf
303,0,12000909,"('Insuficiente Data', 0)",inf
304,0,12000911,"('Insuficiente Data', 0)",inf
305,0,12000912,"('Insuficiente Data', 0)",inf
306,0,12000921,"('Insuficiente Data', 0)",inf
307,0,12000923,"(2, 0.05, 0, 0, 2, 3)",0.10377860273604503
308,0,13000000,"(4, 0.29, 0, 0, 2, 0)",0.49693562707807964
309,0,13000002,"(4, 0.13, 0, 0, 3, 2)",0.6048885504453848
310,0,13000024,"(4, 0.09, 0, 0, 1, 3)",0.43376895022529544
311,0,13000035,"(3, 0.09, 0, 0, 2, 2)",0.4115224110394762
312,0,13000040,"(4, 0.25, 0, 0, 1, 0)",0.18012747815165595
313,0,13000054,"(3, 0.25, 0, 0, 4, 0)",0.1816220374709372
314,0,13000081,"(3, 0.29, 0, 0, 3, 3)",0.5849070234715862
315,0,13000088,"(2, 0.01, 0, 0, 1, 3)",0.29135886274287104
316,0,13000093,"(2, 0.29, 0, 0, 1, 3)",0.31798483790549475
317,0,13000097,"(3, 0.25, 0, 0, 2, 3)",0.14631970833010335
318,0,13000103,"(3, 0.25, 0, 0, 3, 0)",0.34671385874564253
319,0,13000104,"(4, 0.29, 0, 0, 3, 0)",0.43848181999748365
320,0,13000107,"(3, 0.05, 0, 0, 4, 2)",0.3005465990450421
321,0,13000123,"(3, 0.01, 0, 0, 4, 0)",0.27990811055098636
322,0,13000141,"(3, 0.29, 0, 0, 2, 3)",0.16018738919634995
323,0,13000144,"(2, 0.13, 0, 0, 2, 0)",0.22023626350353318
324,0,13000179,"(4, 0.25, 0, 0, 3, 0)",0.10077983110660914
325,0,13000181,"(2, 0.21, 0, 0, 2, 0)",0.18469937388682547
326,0,13000184,"(2, 0.01, 0, 0, 4, 2)",0.06751249714346959
327,0,13000189,"(3, 0.09, 0, 0, 1, 2)",0.6643830793951193
328,0,13000221,"(4, 0.01, 0, 0, 1, 3)",0.15301693487536416
329,0,13000224,"(3, 0.05, 0, 0, 3, 3)",0.23644621461929852
330,0,13000235,"(3, 0.01, 0, 0, 1, 3)",0.18999349389176196
331,0,13000255,"(4, 0.09, 0, 0, 2, 2)",0.11729280627005251
332,0,13000276,"(3, 0.01, 0, 0, 3, 0)",0.39905100133299287
333,0,13000323,"(4, 0.25, 0, 0, 2, 3)",0.6266002753233518
334,0,13000335,"(2, 0.17, 0, 0, 4, 3)",0.6162578497039833
335,0,13000361,"(2, 0.01, 0, 0, 3, 0)",0.7309286880030508
336,0,13000424,"(2, 0.29, 0, 0, 3, 3)",0.3349203355294093
337,0,13000450,"(4, 0.09, 0, 0, 1, 0)",0.31934930961015934
338,0,13000456,"(4, 0.01, 0, 0, 1, 2)",0.26039189963452314
339,0,13000464,"(3, 0.21, 0, 0, 2, 0)",0.39977986142191385
340,0,13000465,"('Insuficiente Data', 0)",inf
341,0,13000477,"(3, 0.29, 0, 0, 2, 3)",0.5365270757772048
342,0,13000496,"(2, 0.01, 0, 0, 3, 3)",0.4786033054077881
343,0,13000518,"('Insuficiente Data', 0)",inf
344,0,13000551,"(2, 0.17, 0, 0, 4, 0)",0.6584723444411411
345,0,13000553,"(2, 0.09, 0, 0, 3, 0)",0.6058726453472518
346,0,13000555,"(2, 0.29, 0, 0, 1, 3)",0.5590424608250801
347,0,13000572,"(3, 0.13, 0, 0, 4, 3)",0.49449634710961776
348,0,13000581,"(3, 0.29, 0, 0, 3, 0)",0.3445069524465934
349,0,13000582,"(2, 0.29, 0, 0, 1, 3)",0.6579607294571747
350,0,13000583,"('Insuficiente Data', 0)",inf
351,0,13000586,"(2, 0.01, 0, 0, 4, 2)",0.9422651929096584
352,0,14000001,"(4, 0.09, 0, 0, 3, 2)",0.08528748478802722
353,0,14000013,"('Insuficiente Data', 0)",inf
354,0,14000022,"('Insuficiente Data', 0)",inf
355,0,14000069,"(2, 0.25, 0, 0, 4, 0)",0.1144466134765027
356,0,14000082,"(4, 0.29, 0, 0, 4, 2)",0.34844837032284637
357,0,14000084,"('Insuficiente Data', 0)",inf
358,0,14000089,"('Insuficiente Data', 0)",inf
359,0,14000111,"(2, 0.01, 0, 0, 4, 2)",0.24475733010249812
360,0,14000112,"('Insuficiente Data', 0)",inf
361,0,14000118,"(2, 0.29, 0, 0, 4, 3)",0.5553492649827152
362,0,14000120,"(2, 0.13, 0, 0, 2, 2)",0.11867739321603686
363,0,20000006,"(4, 0.17, 0, 0, 4, 2)",0.7892223701364348
364,0,20000016,"(3, 0.01, 0, 0, 1, 0)",0.6240992586412955
365,0,20000023,"(3, 0.29, 0, 0, 4, 3)",0.8940519442687207
366,0,20000034,"(2, 0.01, 0, 0, 4, 3)",0.209191349695679
367,0,20000043,"('Insuficiente Data', 0)",inf
368,0,20000049,"(2, 0.09, 0, 0, 2, 0)",0.17382543239124165
369,0,20000057,"('Insuficiente Data', 0)",inf
370,0,20000065,"('Insuficiente Data', 0)",inf
371,0,20000150,"(2, 0.13, 0, 0, 1, 0)",0.7871160753155255
372,0,20000164,"(4, 0.09, 0, 0, 3, 2)",0.6951094459177296
373,0,20000204,"('Insuficiente Data', 0)",inf
374,0,20000267,"('Insuficiente Data', 0)",inf
375,0,20000312,"('Insuficiente Data', 0)",inf
376,0,20000331,"(2, 0.01, 0, 0, 4, 0)",0.5569419241951081
377,0,20000334,"('Insuficiente Data', 0)",inf
378,0,20000340,"('Insuficiente Data', 0)",inf
379,0,20000418,"(2, 0.25, 0, 0, 1, 2)",0.49999990201932204
380,0,20000422,"('Insuficiente Data', 0)",inf
381,0,21000000,"(4, 0.29, 0, 0, 4, 3)",0.31254180597484943
382,0,21000009,"(2, 0.17, 0, 0, 4, 3)",0.69766294208916
383,0,21000017,"(4, 0.25, 0, 0, 4, 0)",0.3318532423220867
384,0,21000019,"(2, 0.29, 0, 0, 2, 0)",0.3600505979671707
385,0,21000026,"(4, 0.05, 0, 0, 4, 0)",0.5496515514667659
386,0,21000035,"(4, 0.21, 0, 0, 2, 2)",0.34438195616775924
387,0,21000039,"(2, 0.09, 0, 0, 2, 2)",0.29732968862875514
388,0,21000045,"(2, 0.01, 0, 0, 1, 2)",0.4109770078592524
389,0,21000049,"(4, 0.13, 0, 0, 3, 3)",0.3596284427089227
390,0,21000050,"(2, 0.21, 0, 0, 4, 3)",0.44197987823981977
391,0,21000056,"(4, 0.17, 0, 0, 4, 2)",0.23021776209896916
392,0,21000063,"(4, 0.01, 0, 0, 4, 2)",0.4518548023171119
393,0,21000073,"(4, 0.29, 0, 0, 3, 2)",0.8475467586647519
394,0,21000074,"(4, 0.17, 0, 0, 3, 3)",0.7793878027976642
395,0,21000079,"(4, 0.01, 0, 0, 4, 2)",0.42484815799228626
396,0,21000082,"(4, 0.13, 0, 0, 1, 0)",0.33314551673170856
397,0,21000085,"(3, 0.17, 0, 0, 2, 2)",0.6537738591404614
398,0,21000096,"(3, 0.05, 0, 0, 4, 2)",0.13159086588614624
399,0,21000110,"(3, 0.09, 0, 0, 4, 3)",0.22578068601128368
400,0,21000116,"(2, 0.05, 0, 0, 2, 2)",0.7105332920949109
401,0,21000144,"(3, 0.17, 0, 0, 3, 0)",0.27764449367231847
402,0,21000176,"(2, 0.17, 0, 0, 1, 3)",0.7611657550332982
403,0,21000243,"(3, 0.25, 0, 0, 2, 0)",0.61024822914891
404,0,21000275,"('Insuficiente Data', 0)",inf
405,0,21000324,"(4, 0.01, 0, 0, 1, 0)",0.8003126360782247
406,0,21000333,"(4, 0.05, 0, 0, 1, 3)",0.981682860106307
407,0,21000334,"(4, 0.01, 0, 0, 1, 2)",0.970869025121616
408,0,21000421,"('Insuficiente Data', 0)",inf
409,0,21000458,"(3, 0.05, 0, 0, 1, 2)",0.45895475166403565
410,0,21000461,"(4, 0.25, 0, 0, 2, 3)",0.5334012825274872
411,0,21000470,"(2, 0.29, 0, 0, 1, 0)",0.7302544387599247
412,0,21000486,"(4, 0.17, 0, 0, 1, 2)",0.703620617750103
413,0,21000488,"(4, 0.01, 0, 0, 1, 2)",0.2794740362409619
414,0,21000491,"(4, 0.01, 0, 0, 2, 2)",0.2084259577782644
415,0,21000515,"(2, 0.01, 0, 0, 2, 0)",0.41657525019001396
416,0,21000569,"('Insuficiente Data', 0)",inf
417,0,21000616,"(4, 0.29, 0, 0, 2, 2)",0.3152120873454713
418,0,21000656,"(2, 0.05, 0, 0, 3, 2)",0.5604083983275527
419,0,21000660,"(2, 0.09, 0, 0, 1, 2)",0.2764826865168924
420,0,21000738,"(4, 0.17, 0, 0, 1, 2)",0.7049653604177832
421,0,21000792,"(4, 0.13, 0, 0, 3, 2)",0.1342930739911789
422,0,21000797,"(3, 0.29, 0, 0, 2, 3)",0.2050855274181262
423,0,21000801,"(3, 0.09, 0, 0, 3, 0)",0.5027490885514923
424,0,21000935,"(3, 0.21, 0, 0, 3, 3)",0.6177736315877752
425,0,21000942,"(3, 0.29, 0, 0, 3, 2)",0.6290481018650588
426,0,21001152,"(4, 0.17, 0, 0, 4, 3)",0.8287340044302552
427,0,21001192,"(3, 0.25, 0, 0, 1, 2)",0.46357747629712587
428,0,21001201,"(3, 0.25, 0, 0, 3, 3)",0.750616503175259
429,0,21001217,"(4, 0.21, 0, 0, 2, 2)",0.39489803915867394
430,0,21001260,"(4, 0.01, 0, 0, 4, 0)",0.8153993545224866
431,0,21001305,"('Insuficiente Data', 0)",inf
432,0,21001368,"(4, 0.09, 0, 0, 3, 2)",0.7786015153852742
433,0,21001401,"('Insuficiente Data', 0)",inf
434,0,21001489,"(3, 0.09, 0, 0, 3, 2)",0.3224250638767948
435,0,21001497,"(3, 0.25, 0, 0, 1, 2)",0.769009302987111
436,0,21001519,"('Insuficiente Data', 0)",inf
437,0,21001584,"(3, 0.25, 0, 0, 3, 2)",0.9140177486721899
438,0,21001612,"(4, 0.01, 0, 0, 4, 0)",0.7218987153274636
439,0,21001614,"(2, 0.29, 0, 0, 3, 2)",0.8012915290788845
440,0,21001644,"(2, 0.05, 0, 0, 1, 0)",0.7813951672809663
441,0,21001674,"(3, 0.09, 0, 0, 2, 0)",0.35562518028194634
442,0,21001676,"('Insuficiente Data', 0)",inf
443,0,21001686,"(2, 0.09, 0, 0, 3, 0)",0.26336911481895253
444,0,21001687,"(3, 0.29, 0, 0, 2, 3)",0.3578525464130946
445,0,21001750,"(4, 0.21, 0, 0, 1, 0)",0.7112840430829511
446,0,21001761,"(3, 0.17, 0, 0, 2, 0)",0.26676421875429673
447,0,21001772,"(2, 0.01, 0, 0, 4, 3)",0.6851002936119075
448,0,21001778,"(2, 0.01, 0, 0, 4, 2)",0.4784917034809615
449,0,21001784,"(3, 0.25, 0, 0, 2, 0)",0.7116322856578523
450,0,21001795,"('Insuficiente Data', 0)",inf
451,0,21001796,"(4, 0.25, 0, 0, 2, 2)",0.9125002104696561
452,0,21001801,"('Insuficiente Data', 0)",inf
453,0,21001807,"(4, 0.21, 0, 0, 1, 2)",0.856368251285701
454,0,21001818,"('Insuficiente Data', 0)",inf
455,0,21001883,"(2, 0.29, 0, 0, 1, 3)",0.48591480857158487
456,0,21001885,"('Insuficiente Data', 0)",inf
457,0,21001891,"(2, 0.29, 0, 0, 2, 2)",0.2999700070999359
458,0,21001896,"('Insuficiente Data', 0)",inf
459,0,21001898,"(2, 0.01, 0, 0, 4, 2)",0.532112551091097
460,0,21001944,"(2, 0.01, 0, 0, 2, 0)",0.7836975370746997
461,0,23000000,"(4, 0.17, 0, 0, 2, 3)",0.2096942088740772
462,0,23000006,"(4, 0.25, 0, 0, 4, 2)",0.16697116580005042
463,0,23000007,"(3, 0.01, 0, 0, 1, 2)",0.18471431784718506
464,0,23000014,"(4, 0.21, 0, 0, 4, 2)",0.1649112914998489
465,0,23000019,"(2, 0.29, 0, 0, 1, 0)",0.7513133106290233
466,0,23000050,"(4, 0.25, 0, 0, 2, 2)",0.24923201057064107
467,0,23000055,"(2, 0.01, 0, 0, 1, 2)",0.21241278835343402
468,0,23000059,"(4, 0.25, 0, 0, 2, 2)",0.1778293345305065
469,0,23000060,"(2, 0.01, 0, 0, 4, 3)",0.37614732206607215
470,0,23000061,"(2, 0.01, 0, 0, 4, 3)",0.18671363012810352
471,0,23000062,"(2, 0.13, 0, 0, 4, 2)",0.1951896924934654
472,0,23000065,"(2, 0.13, 0, 0, 1, 3)",0.1963452587145314
473,0,23000066,"(2, 0.05, 0, 0, 2, 2)",0.28610122096641055
474,0,23000076,"(2, 0.01, 0, 0, 1, 3)",0.13419761662794377
475,0,23000091,"(3, 0.13, 0, 0, 1, 2)",0.20340944008144335
476,0,23000102,"(2, 0.01, 0, 0, 1, 0)",0.0748807947286889
477,0,23000289,"(4, 0.25, 0, 0, 4, 2)",0.3456542808597728
478,0,23000302,"(4, 0.17, 0, 0, 2, 2)",0.4721705167556418
479,0,23000308,"(4, 0.01, 0, 0, 4, 2)",0.5425769989634418
480,0,23000311,"(3, 0.09, 0, 0, 4, 3)",0.5852185552501591
481,0,23000312,"(4, 0.29, 0, 0, 2, 0)",0.5524736757783909
482,0,23000318,"(2, 0.25, 0, 0, 1, 0)",0.3606670714410121
483,0,23000319,"(3, 0.21, 0, 0, 3, 0)",0.4958438560526079
484,0,23000323,"(3, 0.21, 0, 0, 3, 2)",0.33706544220483936
485,0,23000345,"(3, 0.29, 0, 0, 3, 2)",0.42750465374684654
486,0,23000346,"(2, 0.01, 0, 0, 4, 2)",0.34893492530427667
487,0,23000349,"(2, 0.29, 0, 0, 4, 0)",0.6840306729945292
488,0,23000350,"(2, 0.05, 0, 0, 4, 0)",0.6035311151646344
489,0,23000353,"(2, 0.01, 0, 0, 4, 2)",0.5763717133643557
490,0,25000010,"(3, 0.21, 0, 0, 1, 2)",0.39834037805707206
491,0,25000083,"(2, 0.01, 0, 0, 4, 3)",0.2394558560614647
492,0,25000084,"(3, 0.25, 0, 0, 2, 3)",0.10575698562504965
493,0,25000087,"(4, 0.29, 0, 0, 2, 3)",0.09389034276803546
494,0,25000088,"(3, 0.25, 0, 0, 2, 0)",0.24338001607581888
495,0,25000091,"(4, 0.01, 0, 0, 3, 3)",0.20695614219326947
496,0,25000102,"(2, 0.25, 0, 0, 3, 2)",0.424863387426201
497,0,25000265,"(4, 0.09, 0, 0, 2, 0)",0.1475105224011967
498,0,25000352,"(4, 0.25, 0, 0, 3, 3)",0.35539663485974615
499,0,25000353,"(4, 0.21, 0, 0, 1, 3)",0.19411281352994902
500,0,25000462,"(4, 0.29, 0, 0, 1, 3)",0.36499778891082907
501,0,25000587,"(4, 0.13, 0, 0, 2, 0)",0.127001271518278
502,0,25000625,"(4, 0.21, 0, 0, 3, 2)",0.24855190560773197
503,0,25000664,"(3, 0.17, 0, 0, 1, 3)",0.5802570842382151
504,0,25000676,"('Insuficiente Data', 0)",inf
505,0,25000679,"(4, 0.17, 0, 0, 1, 3)",0.19650649715796498
506,0,25000680,"(2, 0.01, 0, 0, 1, 3)",0.2923929137027331
507,0,25000685,"(2, 0.17, 0, 0, 2, 2)",0.2619496238133664
508,0,25000728,"(4, 0.21, 0, 0, 2, 2)",0.6311739755951523
509,0,25000813,"(2, 0.25, 0, 0, 1, 3)",0.4991429766508777
510,0,25000935,"(2, 0.29, 0, 0, 3, 0)",0.47947618328809916
511,0,25000989,"(2, 0.13, 0, 0, 2, 2)",0.499875031238466
512,0,25001077,"(2, 0.29, 0, 0, 1, 2)",0.5806437439372131
513,0,25001108,"(2, 0.01, 0, 0, 4, 0)",0.5761860447225615
514,0,25001118,"(2, 0.09, 0, 0, 2, 0)",0.4995004995004995
515,0,25001119,"(2, 0.01, 0, 0, 1, 0)",0.7977681595582251
516,0,25001137,"('Insuficiente Data', 0)",inf
517,0,25001164,"(2, 0.21, 0, 0, 1, 0)",0.44885019317032526
518,0,25001235,"(2, 0.09, 0, 0, 2, 0)",0.4995004995004995
519,0,25001260,"(2, 0.13, 0, 0, 1, 3)",0.9985024955084836
520,0,25001261,"(2, 0.01, 0, 0, 1, 0)",0.0
521,0,41000067,"('Insuficiente Data', 0)",inf
522,0,41000076,"(2, 0.29, 0, 0, 4, 3)",0.5068169502082196
523,0,41000094,"(2, 0.25, 0, 0, 2, 3)",0.21862312721722368
524,0,41000116,"(2, 0.21, 0, 0, 1, 3)",0.09964728735811612
525,0,41000117,"(4, 0.29, 0, 0, 2, 0)",0.08404200031077078
526,0,41000368,"(2, 0.01, 0, 0, 3, 2)",0.11145052576218925
527,0,41000411,"(4, 0.29, 0, 0, 1, 2)",0.07375847765658808
528,0,41000441,"(4, 0.09, 0, 0, 1, 2)",0.13295770532806522
529,0,41000477,"(2, 0.25, 0, 0, 1, 3)",0.12420625415168002
530,0,41000601,"(2, 0.21, 0, 0, 2, 2)",0.6512259047657334
531,0,41000605,"(4, 0.01, 0, 0, 4, 0)",0.09384617296199665
532,0,41000611,"(3, 0.25, 0, 0, 3, 0)",0.11928104479931
533,0,41000620,"(4, 0.29, 0, 0, 1, 0)",0.1312075644803668
534,0,41000640,"(4, 0.29, 0, 0, 2, 0)",0.14237011705482136
535,0,41000662,"(3, 0.17, 0, 0, 2, 2)",0.057949675698141925
536,0,41000689,"(4, 0.29, 0, 0, 1, 0)",0.12919476395394464
537,0,41000690,"(2, 0.21, 0, 0, 2, 3)",0.12979429988887115
538,0,41000692,"(4, 0.13, 0, 0, 3, 2)",0.2106596088570694
539,0,41000694,"(3, 0.01, 0, 0, 4, 2)",0.16131185313383636
540,0,41000698,"(2, 0.01, 0, 0, 4, 3)",0.25543573515025075
541,0,41000704,"(3, 0.29, 0, 0, 1, 2)",0.3341074910694255
542,0,41000742,"(3, 0.01, 0, 0, 4, 2)",0.20675771114897523
543,0,41000758,"(4, 0.25, 0, 0, 2, 3)",0.33599797752061356
544,0,41000777,"(4, 0.29, 0, 0, 1, 2)",0.528205770686535
545,0,41000828,"(4, 0.29, 0, 0, 3, 0)",0.08177227302727669
546,0,41000864,"(4, 0.29, 0, 0, 1, 3)",0.24404285904455508
547,0,41000876,"(4, 0.13, 0, 0, 1, 3)",0.28824484356800095
548,0,41000959,"(2, 0.25, 0, 0, 4, 0)",0.3191746289375173
549,0,41001010,"(4, 0.29, 0, 0, 4, 0)",0.13571743084711582
550,0,41001032,"(4, 0.01, 0, 0, 3, 2)",0.3845983602063179
551,0,41001035,"(3, 0.29, 0, 0, 1, 3)",0.6225190461703923
552,0,41001064,"(2, 0.01, 0, 0, 4, 2)",0.11352565709981578
553,0,41001068,"(4, 0.05, 0, 0, 1, 3)",0.12621692199956497
554,0,41001072,"(4, 0.13, 0, 0, 2, 0)",0.2560124854129021
555,0,41001100,"(2, 0.01, 0, 0, 4, 3)",0.291201531964232
556,0,41001252,"(4, 0.01, 0, 0, 1, 0)",0.21806101400639807
557,0,41001299,"(3, 0.25, 0, 0, 2, 2)",0.32251027144371736
558,0,41001314,"(2, 0.13, 0, 0, 1, 2)",0.20615550870910904
559,0,41001388,"(3, 0.17, 0, 0, 1, 0)",0.299326601716648
560,0,41001444,"(4, 0.29, 0, 0, 1, 3)",0.14330965740693208
561,0,41001741,"(4, 0.25, 0, 0, 3, 3)",0.10354106627202693
562,0,41001754,"(4, 0.25, 0, 0, 2, 0)",0.17504604049004757
563,0,41001800,"(4, 0.29, 0, 0, 2, 0)",0.16990785424691035
564,0,41001811,"(3, 0.01, 0, 0, 1, 2)",0.46914048817306897
565,0,41001884,"(4, 0.01, 0, 0, 2, 3)",0.517531319460629
566,0,41002268,"(2, 0.01, 0, 0, 4, 0)",0.2113533547792159
567,0,41002399,"(2, 0.21, 0, 0, 1, 2)",0.1924382866582432
568,0,41002436,"(3, 0.29, 0, 0, 1, 0)",0.18852613074225852
569,0,41002666,"(2, 0.01, 0, 0, 1, 0)",0.25904109917982215
570,0,41002704,"(2, 0.09, 0, 0, 1, 3)",0.6250200584929988
571,0,41003135,"(3, 0.17, 0, 0, 1, 3)",0.1666766111224164
572,0,41003419,"(2, 0.29, 0, 0, 1, 3)",0.23745866476035302
573,0,41003710,"(4, 0.29, 0, 0, 3, 0)",0.12363159801020224
574,0,41003783,"(4, 0.01, 0, 0, 4, 2)",0.5057912088715281
575,0,41004109,"(2, 0.01, 0, 0, 4, 0)",0.22569314691168296
0,0,10000013,"(3, 0.05, 0, 0, 1, 0)",0.05722827913293476
1,0,10000048,"(4, 0.13, 0, 0, 2, 2)",0.48335403297750873
2,0,10000060,"(3, 0.25, 0, 0, 1, 2)",0.0915145363185991
3,0,10000097,"(4, 0.09, 0, 0, 2, 0)",0.11913026743994037
4,0,10000114,"(3, 0.21, 0, 0, 2, 0)",0.1285846003918495
5,0,10000139,"(3, 0.21, 0, 0, 4, 2)",0.09364237714476012
6,0,10000159,"(3, 0.29, 0, 0, 1, 3)",0.21669054639487584
7,0,10000178,"(4, 0.25, 0, 0, 1, 2)",0.092316587200036
8,0,10000206,"(2, 0.01, 0, 0, 2, 0)",0.10119381269410037
9,0,10000216,"(2, 0.25, 0, 0, 3, 2)",0.07855969326402155
10,0,10000333,"(3, 0.25, 0, 0, 2, 2)",0.1356935469031782
11,0,10000422,"(3, 0.21, 0, 0, 1, 0)",0.1029638056808141
12,0,10000517,"(3, 0.01, 0, 0, 4, 0)",0.07263748714155954
13,0,10000529,"(4, 0.17, 0, 0, 4, 3)",0.1407614842256268
14,0,10000571,"(4, 0.29, 0, 0, 1, 3)",0.37634477957511003
15,0,10000572,"(4, 0.13, 0, 0, 3, 0)",0.36049735049767817
16,0,10000595,"(3, 0.09, 0, 0, 2, 3)",0.21605580642844352
17,0,10000601,"(3, 0.29, 0, 0, 2, 0)",0.131216779860171
18,0,10000602,"(3, 0.25, 0, 0, 2, 2)",0.20269622608025345
19,0,10000637,"(2, 0.05, 0, 0, 1, 2)",0.1628855875594067
20,0,10000657,"(4, 0.21, 0, 0, 1, 0)",0.06585358431406968
21,0,10000720,"(4, 0.01, 0, 0, 4, 0)",0.23921720496588014
22,0,10000835,"(4, 0.29, 0, 0, 1, 2)",0.12449143729592158
23,0,10000837,"(4, 0.09, 0, 0, 4, 0)",0.2750293799183119
24,0,10000839,"(3, 0.29, 0, 0, 2, 0)",0.08784311788376477
25,0,10000923,"(2, 0.25, 0, 0, 1, 2)",0.13510215283917193
26,0,10000932,"(3, 0.21, 0, 0, 4, 2)",0.2724564145415823
27,0,10000949,"(4, 0.25, 0, 0, 4, 0)",0.12509969849993763
28,0,10000950,"(4, 0.29, 0, 0, 3, 0)",0.2399772741839792
29,0,10000956,"(3, 0.29, 0, 0, 2, 2)",0.08676976681516133
30,0,10000969,"(2, 0.01, 0, 0, 2, 0)",0.1491729593209652
31,0,10001014,"(4, 0.01, 0, 0, 4, 3)",0.07063918139304246
32,0,10001026,"(4, 0.01, 0, 0, 4, 3)",0.2439040134649681
33,0,10001029,"(3, 0.13, 0, 0, 1, 2)",0.11957117506442196
34,0,10001115,"(2, 0.01, 0, 0, 2, 0)",0.11399896722794294
35,0,10001118,"(2, 0.29, 0, 0, 3, 2)",0.07647412035836074
36,0,10001516,"(2, 0.25, 0, 0, 4, 2)",0.14676772877482352
37,0,10001598,"(2, 0.01, 0, 0, 4, 2)",0.2307502103604399
38,0,11000046,"(4, 0.13, 0, 0, 4, 3)",0.11072367216025422
39,0,11000073,"(3, 0.29, 0, 0, 3, 2)",0.08960579285890664
40,0,11000074,"(2, 0.21, 0, 0, 2, 3)",0.13752825769579513
41,0,11000331,"(3, 0.17, 0, 0, 1, 2)",0.13849637301694578
42,0,11000332,"(3, 0.25, 0, 0, 1, 2)",0.16778463414285238
43,0,11000355,"(2, 0.25, 0, 0, 2, 3)",0.1587330031522174
44,0,11000374,"(3, 0.29, 0, 0, 1, 3)",0.2079612031696863
45,0,11000375,"(4, 0.29, 0, 0, 4, 2)",0.2167045408227603
46,0,11000376,"(2, 0.29, 0, 0, 1, 3)",0.1815713814275518
47,0,11000377,"(3, 0.29, 0, 0, 1, 2)",0.20059961027373518
48,0,11000995,"(4, 0.25, 0, 0, 3, 3)",0.12955621578694718
49,0,11000996,"(4, 0.25, 0, 0, 1, 3)",0.13418042828929383
50,0,11001027,"(3, 0.13, 0, 0, 3, 2)",0.1608282848314219
51,0,11001035,"(2, 0.01, 0, 0, 4, 3)",0.07119753963234499
52,0,11001172,"(4, 0.09, 0, 0, 1, 2)",0.11203713693210554
53,0,11001980,"(4, 0.25, 0, 0, 3, 2)",0.1592813702850558
54,0,11002216,"(3, 0.01, 0, 0, 4, 3)",0.2785057463151981
55,0,11002219,"(3, 0.25, 0, 0, 1, 3)",0.26384327783154343
56,0,11002591,"(2, 0.21, 0, 0, 2, 0)",0.14197778570469882
57,0,11002723,"(4, 0.29, 0, 0, 2, 0)",0.08003410922950754
58,0,11002724,"(3, 0.29, 0, 0, 1, 2)",0.14576175242644893
59,0,11003490,"(3, 0.25, 0, 0, 3, 3)",0.0923710981671347
60,0,11003491,"(2, 0.17, 0, 0, 3, 2)",0.0752547286247778
61,0,11003493,"(2, 0.29, 0, 0, 2, 3)",0.14676728457124244
62,0,11003514,"(2, 0.17, 0, 0, 1, 3)",0.21764663661310418
63,0,12000027,"(2, 0.25, 0, 0, 1, 2)",0.8207717800442198
64,0,12000149,"('Insuficiente Data', 0)",inf
65,0,12000204,"(3, 0.05, 0, 0, 3, 0)",0.8857840553396128
66,0,12000293,"(3, 0.01, 0, 0, 4, 2)",0.2177870552116184
67,0,12000437,"(3, 0.29, 0, 0, 2, 0)",0.18393931373757444
68,0,12000496,"(4, 0.21, 0, 0, 2, 2)",0.19187570279640873
69,0,12000501,"(2, 0.25, 0, 0, 1, 2)",0.2543055970388788
70,0,12000540,"(2, 0.17, 0, 0, 2, 0)",0.2342357518503141
71,0,12000541,"(4, 0.25, 0, 0, 3, 3)",0.20851172391238712
72,0,12000542,"(4, 0.25, 0, 0, 4, 0)",0.20425507593864498
73,0,12000545,"('Insuficiente Data', 0)",inf
74,0,12000559,"('Insuficiente Data', 0)",inf
75,0,12000580,"(3, 0.17, 0, 0, 2, 2)",0.35934412274336663
76,0,12000590,"(4, 0.25, 0, 0, 4, 0)",0.34153162945394916
77,0,12000591,"(3, 0.17, 0, 0, 2, 3)",0.48636267278249545
78,0,12000609,"(2, 0.29, 0, 0, 4, 3)",0.277033000700767
79,0,12000610,"(3, 0.21, 0, 0, 1, 3)",0.2884608723851364
80,0,12000611,"('Insuficiente Data', 0)",inf
81,0,12000631,"('Insuficiente Data', 0)",inf
82,0,12000639,"('Insuficiente Data', 0)",inf
83,0,12000643,"('Insuficiente Data', 0)",inf
84,0,12000656,"(2, 0.09, 0, 0, 4, 3)",0.1883569197908505
85,0,12000662,"(2, 0.05, 0, 0, 2, 2)",0.2109703105695835
86,0,12000666,"('Insuficiente Data', 0)",inf
87,0,12000673,"(2, 0.01, 0, 0, 3, 3)",0.35121994411757734
88,0,12000697,"(4, 0.25, 0, 0, 1, 2)",0.294422255923637
89,0,12000701,"(4, 0.29, 0, 0, 4, 2)",0.42295735303431986
90,0,12000705,"(2, 0.29, 0, 0, 2, 0)",0.2603040223321831
91,0,12000707,"(2, 0.01, 0, 0, 2, 3)",0.1246322147277656
92,0,12000708,"(4, 0.13, 0, 0, 1, 3)",0.15020223889379689
93,0,12000709,"(4, 0.25, 0, 0, 1, 2)",0.18558915145970306
94,0,12000710,"(3, 0.09, 0, 0, 1, 3)",0.1569694697749267
95,0,12000720,"(3, 0.17, 0, 0, 3, 3)",0.15239271028872126
96,0,12000752,"(3, 0.21, 0, 0, 4, 0)",0.23033553647385996
97,0,12000754,"(2, 0.01, 0, 0, 3, 0)",0.2554142290816993
98,0,12000853,"(2, 0.13, 0, 0, 1, 2)",0.8290920801329162
99,0,12000855,"(4, 0.25, 0, 0, 4, 0)",0.7178770684521893
100,0,12000908,"(2, 0.29, 0, 0, 2, 3)",0.2067425393052914
101,0,12699991,"(2, 0.29, 0, 0, 3, 0)",0.03448216689468872
102,0,13000009,"(2, 0.01, 0, 0, 4, 0)",0.5712515525853501
103,0,13000019,"(4, 0.09, 0, 0, 2, 3)",0.20282932667346348
104,0,13000063,"(2, 0.13, 0, 0, 2, 2)",0.2384813345286554
105,0,13000098,"(3, 0.01, 0, 0, 1, 0)",0.1415684479127936
106,0,13000099,"(2, 0.01, 0, 0, 4, 0)",0.12145441366469609
107,0,13000120,"(4, 0.13, 0, 0, 1, 2)",0.22682825771594306
108,0,13000121,"(4, 0.29, 0, 0, 1, 0)",0.2179598533093709
109,0,13000122,"(4, 0.01, 0, 0, 2, 3)",0.2794838890523594
110,0,13000147,"(4, 0.29, 0, 0, 1, 3)",0.24557923641945228
111,0,13000149,"(4, 0.25, 0, 0, 1, 0)",0.4157844341137378
112,0,13000222,"(2, 0.01, 0, 0, 4, 0)",0.24208024257269167
113,0,13000232,"(4, 0.29, 0, 0, 2, 3)",0.3603559690245307
114,0,13000233,"(4, 0.01, 0, 0, 2, 2)",0.38709769172160546
115,0,13000234,"(3, 0.17, 0, 0, 1, 2)",0.2886207426718124
116,0,13000236,"(2, 0.17, 0, 0, 3, 2)",0.26409275863408954
117,0,13000237,"(4, 0.25, 0, 0, 3, 0)",0.27832898014599283
118,0,13000277,"(4, 0.21, 0, 0, 4, 3)",0.37287876281619975
119,0,13000421,"(2, 0.25, 0, 0, 4, 3)",0.5064959483682406
120,0,13000463,"('Insuficiente Data', 0)",inf
121,0,13000562,"(2, 0.01, 0, 0, 4, 3)",0.3729425152693185
122,0,14000003,"(3, 0.25, 0, 0, 2, 2)",0.17150957166286349
123,0,14000004,"(4, 0.05, 0, 0, 1, 2)",0.18352450582616076
124,0,14000006,"(4, 0.29, 0, 0, 3, 3)",0.12454236441080195
125,0,14000007,"(2, 0.25, 0, 0, 2, 3)",0.28376004322373927
126,0,14000012,"(3, 0.29, 0, 0, 1, 3)",0.2702553798218481
127,0,14000016,"(2, 0.13, 0, 0, 4, 2)",0.2684341032864055
128,0,14000018,"(3, 0.29, 0, 0, 2, 3)",0.3094034411374116
129,0,14000020,"(3, 0.29, 0, 0, 4, 3)",0.29815085939705654
130,0,14000025,"(4, 0.21, 0, 0, 4, 2)",0.37718994910452286
131,0,14000027,"(3, 0.01, 0, 0, 4, 2)",0.18932719129427777
132,0,14000031,"(2, 0.17, 0, 0, 4, 3)",0.1255452489134185
133,0,14000032,"(3, 0.29, 0, 0, 4, 3)",0.07326100300519987
134,0,14000033,"(2, 0.01, 0, 0, 4, 3)",0.11838129930959503
135,0,14000042,"(2, 0.01, 0, 0, 4, 3)",0.10745010852180206
136,0,14000071,"(4, 0.29, 0, 0, 2, 0)",0.016167234067887216
137,0,14000072,"(4, 0.01, 0, 0, 4, 2)",0.22613205119470117
138,0,14000075,"(3, 0.17, 0, 0, 1, 0)",0.14734948111575108
139,0,14000078,"(2, 0.17, 0, 0, 1, 0)",0.25111252361591846
140,0,14000079,"(4, 0.01, 0, 0, 1, 2)",0.07590415560541194
141,0,14000080,"(2, 0.21, 0, 0, 1, 0)",0.36163291219976224
142,0,14000081,"(2, 0.01, 0, 0, 4, 2)",0.2521848561180136
143,0,14000085,"('Insuficiente Data', 0)",inf
144,0,14000088,"(3, 0.13, 0, 0, 2, 3)",0.1967400695722446
145,0,14000097,"(2, 0.01, 0, 0, 4, 0)",0.05721454048343037
146,0,14000098,"(2, 0.01, 0, 0, 4, 3)",0.11940049013794891
147,0,14000099,"(2, 0.01, 0, 0, 4, 2)",0.5445341967003233
148,0,14000116,"('Insuficiente Data', 0)",inf
149,0,20000001,"(4, 0.17, 0, 0, 1, 0)",0.8962947800631682
150,0,20000002,"(4, 0.09, 0, 0, 1, 2)",0.5386564162420522
151,0,20000004,"(4, 0.25, 0, 0, 4, 2)",0.3530161506131704
152,0,20000009,"(4, 0.29, 0, 0, 2, 3)",0.34164025608423376
153,0,20000010,"(4, 0.25, 0, 0, 4, 2)",0.27287864353090313
154,0,20000014,"(4, 0.17, 0, 0, 1, 0)",0.5218871451555194
155,0,20000017,"(4, 0.17, 0, 0, 2, 3)",0.7799444067751273
156,0,20000025,"(2, 0.01, 0, 0, 1, 0)",0.0
157,0,20000041,"(4, 0.25, 0, 0, 4, 0)",0.5238393845203471
158,0,20000055,"(4, 0.05, 0, 0, 1, 0)",0.7181170617086802
159,0,20000085,"('Insuficiente Data', 0)",inf
160,0,20000093,"('Insuficiente Data', 0)",inf
161,0,20000102,"('Insuficiente Data', 0)",inf
162,0,20000103,"(2, 0.01, 0, 0, 2, 3)",0.42793322100571274
163,0,20000127,"('Insuficiente Data', 0)",inf
164,0,20000133,"(3, 0.21, 0, 0, 1, 2)",0.7798620452335594
165,0,20000153,"(2, 0.25, 0, 0, 1, 0)",0.7571584836097122
166,0,20000196,"(3, 0.09, 0, 0, 1, 2)",0.30297353805186206
167,0,20000234,"(4, 0.13, 0, 0, 1, 2)",0.41181075552999735
168,0,20000236,"(2, 0.09, 0, 0, 1, 3)",0.47845983602649406
169,0,20000295,"('Insuficiente Data', 0)",inf
170,0,20000296,"(3, 0.09, 0, 0, 1, 2)",0.7036300030592719
171,0,20000302,"(3, 0.13, 0, 0, 2, 3)",0.8890167959572643
172,0,20000304,"('Insuficiente Data', 0)",inf
173,0,20000310,"('Insuficiente Data', 0)",inf
174,0,20000315,"(3, 0.01, 0, 0, 1, 0)",0.5221690962826205
175,0,20000322,"('Insuficiente Data', 0)",inf
176,0,20000333,"('Insuficiente Data', 0)",inf
177,0,20000339,"('Insuficiente Data', 0)",inf
178,0,20000417,"('Insuficiente Data', 0)",inf
179,0,20000423,"('Insuficiente Data', 0)",inf
180,0,20000424,"('Insuficiente Data', 0)",inf
181,0,21000003,"(3, 0.05, 0, 0, 3, 0)",0.30062761953913303
182,0,21000027,"(3, 0.21, 0, 0, 1, 0)",0.31265609663981764
183,0,21000028,"(4, 0.17, 0, 0, 2, 3)",0.6322153971815505
184,0,21000033,"(3, 0.29, 0, 0, 2, 0)",0.3677754461793205
185,0,21000100,"(2, 0.29, 0, 0, 3, 2)",0.5078091431209624
186,0,21000145,"(2, 0.17, 0, 0, 3, 0)",0.21110186278690848
187,0,21000180,"(3, 0.29, 0, 0, 3, 3)",0.30052431440336336
188,0,21000187,"(2, 0.17, 0, 0, 1, 0)",0.3851103062273922
189,0,21000189,"(2, 0.01, 0, 0, 4, 3)",0.910497942011711
190,0,21000496,"(3, 0.13, 0, 0, 4, 3)",0.3821356786222286
191,0,21000794,"(4, 0.05, 0, 0, 1, 3)",0.40646878744598114
192,0,21001212,"(4, 0.13, 0, 0, 1, 0)",0.8791259438818674
193,0,21001233,"(2, 0.09, 0, 0, 1, 2)",0.846719818742826
194,0,21001348,"(2, 0.29, 0, 0, 1, 2)",0.20786521507530095
195,0,21001551,"(2, 0.17, 0, 0, 3, 0)",0.16508258811515994
196,0,21001587,"(4, 0.25, 0, 0, 1, 3)",0.8840249713727164
197,0,21001673,"(3, 0.25, 0, 0, 1, 2)",0.8237935383277499
198,0,21001705,"(3, 0.21, 0, 0, 1, 2)",0.49761660067291924
199,0,21001732,"(2, 0.01, 0, 0, 2, 2)",0.608491310059049
200,0,21001833,"('Insuficiente Data', 0)",inf
201,0,21001860,"(2, 0.21, 0, 0, 1, 0)",0.12591318500073428
202,0,23000004,"(3, 0.17, 0, 0, 2, 2)",0.18913326735283767
203,0,23000015,"(4, 0.25, 0, 0, 4, 3)",0.3243968157131562
204,0,23000058,"(4, 0.29, 0, 0, 2, 3)",0.12388678620131119
205,0,23000079,"(4, 0.21, 0, 0, 2, 0)",0.05292779586812639
206,0,23000082,"(3, 0.01, 0, 0, 1, 0)",0.08649461756625665
207,0,23000097,"(2, 0.13, 0, 0, 4, 2)",0.18115568750052996
208,0,23000098,"(2, 0.25, 0, 0, 3, 3)",0.19536578361656035
209,0,23000101,"(2, 0.29, 0, 0, 4, 0)",0.13964780806213906
210,0,23000110,"(2, 0.17, 0, 0, 1, 2)",0.2879578066994703
211,0,25000066,"(3, 0.25, 0, 0, 2, 0)",0.6661039249494836
212,0,25000074,"(4, 0.01, 0, 0, 2, 2)",0.11610304697626683
213,0,25000075,"(3, 0.25, 0, 0, 1, 3)",0.1972457278964669
214,0,25000085,"(2, 0.01, 0, 0, 3, 3)",0.12059883808997475
215,0,25000086,"(3, 0.21, 0, 0, 3, 0)",0.0585336582904083
216,0,25000092,"(2, 0.17, 0, 0, 1, 3)",0.2113693524762709
217,0,25000671,"(4, 0.01, 0, 0, 4, 0)",0.25219569297326105
218,0,25000681,"(3, 0.05, 0, 0, 3, 0)",0.1499754176874895
219,0,25000812,"(3, 0.21, 0, 0, 1, 2)",0.31587078928594775
220,0,25000916,"(2, 0.17, 0, 0, 4, 2)",0.24586374816249934
221,0,25000917,"(2, 0.21, 0, 0, 2, 3)",0.19565138701153345
222,0,25000949,"(4, 0.17, 0, 0, 2, 2)",0.8292363423368097
223,0,25001168,"(2, 0.09, 0, 0, 1, 3)",0.16195075239411086
224,0,41000141,"(2, 0.29, 0, 0, 3, 2)",0.1097819913502137
225,0,41000344,"(3, 0.21, 0, 0, 1, 3)",0.11442734597504699
226,0,41000580,"(3, 0.21, 0, 0, 3, 2)",0.1000088121576738
227,0,41000688,"(2, 0.01, 0, 0, 1, 3)",0.07459016179814715
228,0,41000693,"(2, 0.17, 0, 0, 2, 3)",0.1143442446197318
229,0,41000744,"(4, 0.13, 0, 0, 1, 0)",0.12737792447529278
230,0,41000759,"(4, 0.29, 0, 0, 4, 0)",0.145049330511191
231,0,41000761,"(4, 0.29, 0, 0, 1, 2)",0.17671126614526375
232,0,41001049,"(2, 0.01, 0, 0, 4, 3)",0.14825980849151169
233,0,41001237,"(3, 0.17, 0, 0, 1, 2)",0.16753437268803809
234,0,41001287,"(4, 0.13, 0, 0, 1, 2)",0.046457198430259285
235,0,41001361,"(2, 0.01, 0, 0, 1, 2)",0.20362275675968844
236,0,41001759,"(2, 0.01, 0, 0, 4, 2)",0.5104944482853742
237,0,41002336,"(3, 0.13, 0, 0, 1, 0)",0.1975033162134068
238,0,41002541,"('Insuficiente Data', 0)",inf
239,0,41003136,"(3, 0.17, 0, 0, 1, 3)",0.1645289429536307
240,0,41003142,"(4, 0.01, 0, 0, 1, 3)",0.8008381346382235
241,0,41003159,"(4, 0.21, 0, 0, 3, 0)",0.9975637114203414
242,0,41003188,"(4, 0.17, 0, 0, 1, 2)",0.34470553528514997
243,0,41003387,"(2, 0.21, 0, 0, 1, 2)",0.562100177264686
244,0,41003418,"(2, 0.29, 0, 0, 1, 2)",0.40404345950015896
245,0,41700010,"(3, 0.25, 0, 0, 4, 2)",0.7928449925776271
