,IdPeriodo,MesPeriodo,IdMaterial,Periodo,Demanda,CentroSuministrador
0,2022-01-01,1,60000111,2022,1.0,Osorno
1,2022-01-01,1,60002649,2022,6.0,Osorno
2,2022-01-01,1,60002906,2022,1.0,Osorno
3,2022-01-01,1,60002953,2022,1.0,Osorno
4,2022-01-01,1,60002995,2022,1.0,Osorno
5,2022-01-01,1,60003044,2022,0.0,Osorno
6,2022-01-01,1,60003048,2022,1.0,Osorno
7,2022-01-01,1,60003067,2022,2.0,Osorno
8,2022-01-01,1,60003071,2022,1.0,Osorno
9,2022-01-01,1,60003103,2022,1.0,Osorno
10,2022-01-01,1,60003115,2022,1.0,Osorno
11,2022-01-01,1,60003142,2022,8.0,Osorno
12,2022-01-01,1,60003155,2022,2.0,Osorno
13,2022-01-01,1,60003169,2022,1.0,Osorno
14,2022-01-01,1,60003170,2022,1.0,Osorno
15,2022-01-01,1,60003181,2022,2.0,Osorno
16,2022-01-01,1,60003187,2022,1.0,Osorno
17,2022-01-01,1,60003190,2022,1.0,Osorno
18,2022-01-01,1,60003192,2022,2.0,Osorno
19,2022-01-01,1,60003195,2022,3.0,Osorno
20,2022-01-01,1,60003196,2022,1.0,Osorno
21,2022-01-01,1,60003202,2022,1.0,Osorno
22,2022-01-01,1,60003205,2022,1.0,Osorno
23,2022-01-01,1,60003210,2022,1.0,Osorno
24,2022-01-01,1,60003221,2022,2.0,Osorno
25,2022-01-01,1,60003222,2022,4.0,Osorno
26,2022-01-01,1,60003223,2022,1.0,Osorno
27,2022-01-01,1,60003224,2022,1.0,Osorno
28,2022-01-01,1,60003227,2022,1.0,Osorno
29,2022-01-01,1,60003228,2022,1.0,Osorno
30,2022-01-01,1,60003229,2022,2.0,Osorno
31,2022-01-01,1,60003230,2022,9.0,Osorno
32,2022-01-01,1,60003231,2022,1.0,Osorno
33,2022-01-01,1,60003232,2022,1.0,Osorno
34,2022-01-01,1,60003233,2022,1.0,Osorno
35,2022-01-01,1,60003234,2022,1.0,Osorno
36,2022-01-01,1,60003235,2022,1.0,Osorno
37,2022-01-01,1,60003236,2022,1.0,Osorno
38,2022-01-01,1,60003237,2022,4.0,Osorno
39,2022-01-01,1,60003238,2022,1.0,Osorno
40,2022-01-01,1,60003239,2022,2.0,Osorno
41,2022-01-01,1,60003241,2022,1.0,Osorno
42,2022-01-01,1,60003243,2022,5.0,Osorno
43,2022-01-01,1,60003244,2022,1.0,Osorno
44,2022-01-01,1,60003248,2022,1.0,Osorno
45,2022-01-01,1,60003249,2022,2.0,Osorno
46,2022-01-01,1,60003250,2022,1.0,Osorno
47,2022-01-01,1,90002352,2022,1.0,Osorno
48,2022-01-01,1,90002356,2022,136.0,Osorno
49,2022-01-01,1,90002357,2022,93.0,Osorno
50,2022-01-01,1,90002358,2022,140.0,Osorno
51,2022-01-01,1,90002359,2022,22.0,Osorno
52,2022-02-01,2,10001603,2022,2.0,Osorno
53,2022-02-01,2,10001619,2022,3.0,Osorno
54,2022-02-01,2,10001642,2022,2.0,Osorno
55,2022-02-01,2,11003060,2022,1.0,Osorno
56,2022-02-01,2,20000250,2022,6075.0,Osorno
57,2022-02-01,2,21000437,2022,2.0,Osorno
58,2022-02-01,2,21001200,2022,1.0,Osorno
59,2022-02-01,2,21001962,2022,660.0,Osorno
60,2022-02-01,2,21001963,2022,36.0,Osorno
61,2022-02-01,2,22001831,2022,2230.0,Osorno
62,2022-02-01,2,22001832,2022,550.0,Osorno
63,2022-02-01,2,23000359,2022,1.0,Osorno
64,2022-02-01,2,23000361,2022,2.0,Osorno
65,2022-02-01,2,24000180,2022,1.0,Osorno
66,2022-02-01,2,24001971,2022,1.0,Osorno
67,2022-02-01,2,24002510,2022,2.0,Osorno
68,2022-02-01,2,24002511,2022,1.0,Osorno
69,2022-02-01,2,24002517,2022,1.0,Osorno
70,2022-02-01,2,24002518,2022,1.0,Osorno
71,2022-02-01,2,24002641,2022,1.0,Osorno
72,2022-02-01,2,25001282,2022,15.0,Osorno
73,2022-02-01,2,27000083,2022,1.0,Osorno
74,2022-02-01,2,30002061,2022,250.0,Osorno
75,2022-02-01,2,30002104,2022,20.0,Osorno
76,2022-02-01,2,30002107,2022,20.0,Osorno
77,2022-02-01,2,40000498,2022,58.0,Osorno
78,2022-02-01,2,41000915,2022,1.0,Osorno
79,2022-02-01,2,41003786,2022,1.0,Osorno
80,2022-02-01,2,41003898,2022,2.0,Osorno
81,2022-02-01,2,41003922,2022,2.0,Osorno
82,2022-02-01,2,41003993,2022,2.0,Osorno
83,2022-02-01,2,41004016,2022,2.0,Osorno
84,2022-02-01,2,41004187,2022,2.0,Osorno
85,2022-02-01,2,41004249,2022,1.0,Osorno
86,2022-02-01,2,41004454,2022,2.0,Osorno
87,2022-02-01,2,41004458,2022,2.0,Osorno
88,2022-02-01,2,41004461,2022,1.0,Osorno
89,2022-02-01,2,41004466,2022,2.0,Osorno
90,2022-02-01,2,41004473,2022,1.0,Osorno
91,2022-02-01,2,41004482,2022,2.0,Osorno
92,2022-02-01,2,41004488,2022,1.0,Osorno
93,2022-02-01,2,41004493,2022,15.0,Osorno
94,2022-02-01,2,50000361,2022,1.0,Osorno
95,2022-02-01,2,51000513,2022,5.0,Osorno
96,2022-02-01,2,60000111,2022,0.0,Osorno
97,2022-02-01,2,60001812,2022,1.0,Osorno
98,2022-02-01,2,60002525,2022,1.0,Osorno
99,2022-02-01,2,60002649,2022,0.0,Osorno
100,2022-02-01,2,60002867,2022,1.0,Osorno
101,2022-02-01,2,60002906,2022,0.0,Osorno
102,2022-02-01,2,60002953,2022,0.0,Osorno
103,2022-02-01,2,60002995,2022,0.0,Osorno
104,2022-02-01,2,60003019,2022,1.0,Osorno
105,2022-02-01,2,60003033,2022,3.0,Osorno
106,2022-02-01,2,60003044,2022,0.0,Osorno
107,2022-02-01,2,60003048,2022,0.0,Osorno
108,2022-02-01,2,60003055,2022,1.0,Osorno
109,2022-02-01,2,60003067,2022,0.0,Osorno
110,2022-02-01,2,60003071,2022,2.0,Osorno
111,2022-02-01,2,60003093,2022,1.0,Osorno
112,2022-02-01,2,60003096,2022,1.0,Osorno
113,2022-02-01,2,60003103,2022,0.0,Osorno
114,2022-02-01,2,60003112,2022,1.0,Osorno
115,2022-02-01,2,60003115,2022,0.0,Osorno
116,2022-02-01,2,60003126,2022,2.0,Osorno
117,2022-02-01,2,60003142,2022,3.0,Osorno
118,2022-02-01,2,60003146,2022,2.0,Osorno
119,2022-02-01,2,60003155,2022,0.0,Osorno
120,2022-02-01,2,60003169,2022,0.0,Osorno
121,2022-02-01,2,60003170,2022,0.0,Osorno
122,2022-02-01,2,60003177,2022,2.0,Osorno
123,2022-02-01,2,60003181,2022,0.0,Osorno
124,2022-02-01,2,60003187,2022,0.0,Osorno
125,2022-02-01,2,60003190,2022,2.0,Osorno
126,2022-02-01,2,60003192,2022,0.0,Osorno
127,2022-02-01,2,60003195,2022,1.0,Osorno
128,2022-02-01,2,60003196,2022,0.0,Osorno
129,2022-02-01,2,60003202,2022,0.0,Osorno
130,2022-02-01,2,60003204,2022,1.0,Osorno
131,2022-02-01,2,60003205,2022,0.0,Osorno
132,2022-02-01,2,60003209,2022,1.0,Osorno
133,2022-02-01,2,60003210,2022,0.0,Osorno
134,2022-02-01,2,60003215,2022,3.0,Osorno
135,2022-02-01,2,60003220,2022,1.0,Osorno
136,2022-02-01,2,60003221,2022,1.0,Osorno
137,2022-02-01,2,60003222,2022,0.0,Osorno
138,2022-02-01,2,60003223,2022,0.0,Osorno
139,2022-02-01,2,60003224,2022,0.0,Osorno
140,2022-02-01,2,60003227,2022,0.0,Osorno
141,2022-02-01,2,60003228,2022,0.0,Osorno
142,2022-02-01,2,60003229,2022,0.0,Osorno
143,2022-02-01,2,60003230,2022,0.0,Osorno
144,2022-02-01,2,60003231,2022,1.0,Osorno
145,2022-02-01,2,60003232,2022,0.0,Osorno
146,2022-02-01,2,60003233,2022,0.0,Osorno
147,2022-02-01,2,60003234,2022,0.0,Osorno
148,2022-02-01,2,60003235,2022,1.0,Osorno
149,2022-02-01,2,60003236,2022,0.0,Osorno
150,2022-02-01,2,60003237,2022,1.0,Osorno
151,2022-02-01,2,60003238,2022,0.0,Osorno
152,2022-02-01,2,60003239,2022,0.0,Osorno
153,2022-02-01,2,60003241,2022,0.0,Osorno
154,2022-02-01,2,60003243,2022,0.0,Osorno
155,2022-02-01,2,60003244,2022,0.0,Osorno
156,2022-02-01,2,60003247,2022,1.0,Osorno
157,2022-02-01,2,60003248,2022,0.0,Osorno
158,2022-02-01,2,60003249,2022,0.0,Osorno
159,2022-02-01,2,60003250,2022,0.0,Osorno
160,2022-02-01,2,60003251,2022,2.0,Osorno
161,2022-02-01,2,60003252,2022,1.0,Osorno
162,2022-02-01,2,60003266,2022,1.0,Osorno
163,2022-02-01,2,60003293,2022,1.0,Osorno
164,2022-02-01,2,90001400,2022,2.0,Osorno
165,2022-02-01,2,90002217,2022,2.0,Osorno
166,2022-02-01,2,90002337,2022,1.0,Osorno
167,2022-02-01,2,90002352,2022,0.0,Osorno
168,2022-02-01,2,90002355,2022,2.0,Osorno
169,2022-02-01,2,90002356,2022,73.0,Osorno
170,2022-02-01,2,90002357,2022,0.0,Osorno
171,2022-02-01,2,90002358,2022,39.0,Osorno
172,2022-02-01,2,90002359,2022,38.0,Osorno
173,2022-02-01,2,93001808,2022,5.0,Osorno
174,2022-03-01,3,10001480,2022,1.0,Osorno
175,2022-03-01,3,10001603,2022,3.0,Osorno
176,2022-03-01,3,10001619,2022,0.0,Osorno
177,2022-03-01,3,10001642,2022,0.0,Osorno
178,2022-03-01,3,11002418,2022,1.0,Osorno
179,2022-03-01,3,11003060,2022,0.0,Osorno
180,2022-03-01,3,11003085,2022,46.0,Osorno
181,2022-03-01,3,11003453,2022,0.0,Osorno
182,2022-03-01,3,11003531,2022,50.0,Osorno
183,2022-03-01,3,11003780,2022,1.0,Osorno
184,2022-03-01,3,20000130,2022,61.0,Osorno
185,2022-03-01,3,20000250,2022,63168.0,Osorno
186,2022-03-01,3,21000437,2022,1.0,Osorno
187,2022-03-01,3,21001200,2022,0.0,Osorno
188,2022-03-01,3,21001928,2022,400.0,Osorno
189,2022-03-01,3,21001962,2022,0.0,Osorno
190,2022-03-01,3,21001963,2022,0.0,Osorno
191,2022-03-01,3,21001965,2022,100.0,Osorno
192,2022-03-01,3,21001966,2022,55.0,Osorno
193,2022-03-01,3,22000140,2022,400.0,Osorno
194,2022-03-01,3,22001831,2022,10290.0,Osorno
195,2022-03-01,3,22001832,2022,480.0,Osorno
196,2022-03-01,3,22001853,2022,2394.0,Osorno
197,2022-03-01,3,22001854,2022,140.0,Osorno
198,2022-03-01,3,22001855,2022,1200.0,Osorno
199,2022-03-01,3,23000359,2022,1.0,Osorno
200,2022-03-01,3,23000360,2022,1.0,Osorno
201,2022-03-01,3,23000361,2022,0.0,Osorno
202,2022-03-01,3,24000180,2022,0.0,Osorno
203,2022-03-01,3,24000480,2022,1.0,Osorno
204,2022-03-01,3,24001971,2022,0.0,Osorno
205,2022-03-01,3,24002374,2022,2.0,Osorno
206,2022-03-01,3,24002477,2022,1.0,Osorno
207,2022-03-01,3,24002510,2022,0.0,Osorno
208,2022-03-01,3,24002511,2022,0.0,Osorno
209,2022-03-01,3,24002517,2022,0.0,Osorno
210,2022-03-01,3,24002518,2022,0.0,Osorno
211,2022-03-01,3,24002641,2022,0.0,Osorno
212,2022-03-01,3,24002669,2022,2.0,Osorno
213,2022-03-01,3,24002732,2022,1.0,Osorno
214,2022-03-01,3,24002734,2022,1.0,Osorno
215,2022-03-01,3,24002738,2022,2.0,Osorno
216,2022-03-01,3,24002739,2022,1.0,Osorno
217,2022-03-01,3,24002753,2022,1.0,Osorno
218,2022-03-01,3,24002757,2022,1.0,Osorno
219,2022-03-01,3,24002758,2022,1.0,Osorno
220,2022-03-01,3,24002768,2022,1.0,Osorno
221,2022-03-01,3,24002769,2022,1.0,Osorno
222,2022-03-01,3,24002772,2022,3.0,Osorno
223,2022-03-01,3,24002773,2022,1.0,Osorno
224,2022-03-01,3,25000293,2022,1.0,Osorno
225,2022-03-01,3,25000572,2022,420.0,Osorno
226,2022-03-01,3,25001282,2022,0.0,Osorno
227,2022-03-01,3,27000083,2022,31.0,Osorno
228,2022-03-01,3,30001770,2022,70.0,Osorno
229,2022-03-01,3,30002046,2022,4.0,Osorno
230,2022-03-01,3,30002047,2022,8.0,Osorno
231,2022-03-01,3,30002061,2022,250.0,Osorno
232,2022-03-01,3,30002082,2022,10.0,Osorno
233,2022-03-01,3,30002090,2022,20.0,Osorno
234,2022-03-01,3,30002093,2022,20.0,Osorno
235,2022-03-01,3,30002104,2022,0.0,Osorno
236,2022-03-01,3,30002105,2022,80.0,Osorno
237,2022-03-01,3,30002107,2022,0.0,Osorno
238,2022-03-01,3,30002118,2022,700.0,Osorno
239,2022-03-01,3,30002119,2022,410.0,Osorno
240,2022-03-01,3,30002122,2022,60.0,Osorno
241,2022-03-01,3,30002123,2022,800.0,Osorno
242,2022-03-01,3,30002129,2022,100.0,Osorno
243,2022-03-01,3,30002131,2022,680.0,Osorno
244,2022-03-01,3,30002132,2022,570.0,Osorno
245,2022-03-01,3,30002139,2022,60.0,Osorno
246,2022-03-01,3,30002141,2022,140.0,Osorno
247,2022-03-01,3,30002159,2022,10.0,Osorno
248,2022-03-01,3,35000030,2022,1.0,Osorno
249,2022-03-01,3,35000031,2022,5.0,Osorno
250,2022-03-01,3,35000038,2022,3.0,Osorno
251,2022-03-01,3,40000398,2022,1.0,Osorno
252,2022-03-01,3,40000498,2022,0.0,Osorno
253,2022-03-01,3,41000570,2022,2.0,Osorno
254,2022-03-01,3,41000915,2022,0.0,Osorno
255,2022-03-01,3,41001297,2022,3.0,Osorno
256,2022-03-01,3,41001703,2022,2.0,Osorno
257,2022-03-01,3,41003786,2022,0.0,Osorno
258,2022-03-01,3,41003896,2022,1.0,Osorno
259,2022-03-01,3,41003898,2022,0.0,Osorno
260,2022-03-01,3,41003922,2022,0.0,Osorno
261,2022-03-01,3,41003993,2022,4.0,Osorno
262,2022-03-01,3,41004016,2022,4.0,Osorno
263,2022-03-01,3,41004187,2022,0.0,Osorno
264,2022-03-01,3,41004232,2022,0.0,Osorno
265,2022-03-01,3,41004249,2022,0.0,Osorno
266,2022-03-01,3,41004259,2022,1.0,Osorno
267,2022-03-01,3,41004260,2022,1.0,Osorno
268,2022-03-01,3,41004449,2022,7.0,Osorno
269,2022-03-01,3,41004454,2022,1.0,Osorno
270,2022-03-01,3,41004458,2022,0.0,Osorno
271,2022-03-01,3,41004461,2022,0.0,Osorno
272,2022-03-01,3,41004466,2022,0.0,Osorno
273,2022-03-01,3,41004473,2022,0.0,Osorno
274,2022-03-01,3,41004482,2022,0.0,Osorno
275,2022-03-01,3,41004488,2022,0.0,Osorno
276,2022-03-01,3,41004493,2022,23.0,Osorno
277,2022-03-01,3,50000361,2022,0.0,Osorno
278,2022-03-01,3,50001192,2022,2.0,Osorno
279,2022-03-01,3,51000256,2022,1.0,Osorno
280,2022-03-01,3,51000453,2022,1.0,Osorno
281,2022-03-01,3,51000454,2022,1.0,Osorno
282,2022-03-01,3,51000455,2022,1.0,Osorno
283,2022-03-01,3,51000456,2022,1.0,Osorno
284,2022-03-01,3,51000457,2022,1.0,Osorno
285,2022-03-01,3,51000458,2022,1.0,Osorno
286,2022-03-01,3,51000459,2022,1.0,Osorno
287,2022-03-01,3,51000471,2022,2.0,Osorno
288,2022-03-01,3,51000472,2022,2.0,Osorno
289,2022-03-01,3,51000473,2022,1.0,Osorno
290,2022-03-01,3,51000474,2022,1.0,Osorno
291,2022-03-01,3,51000475,2022,1.0,Osorno
292,2022-03-01,3,51000476,2022,1.0,Osorno
293,2022-03-01,3,51000477,2022,1.0,Osorno
294,2022-03-01,3,51000513,2022,0.0,Osorno
295,2022-03-01,3,51000524,2022,1.0,Osorno
296,2022-03-01,3,60000111,2022,0.0,Osorno
297,2022-03-01,3,60000191,2022,14.0,Osorno
298,2022-03-01,3,60001812,2022,0.0,Osorno
299,2022-03-01,3,60002525,2022,0.0,Osorno
300,2022-03-01,3,60002649,2022,0.0,Osorno
301,2022-03-01,3,60002867,2022,0.0,Osorno
302,2022-03-01,3,60002894,2022,1.0,Osorno
303,2022-03-01,3,60002906,2022,0.0,Osorno
304,2022-03-01,3,60002953,2022,2.0,Osorno
305,2022-03-01,3,60002995,2022,2.0,Osorno
306,2022-03-01,3,60003019,2022,0.0,Osorno
307,2022-03-01,3,60003032,2022,1.0,Osorno
308,2022-03-01,3,60003033,2022,0.0,Osorno
309,2022-03-01,3,60003044,2022,0.0,Osorno
310,2022-03-01,3,60003048,2022,0.0,Osorno
311,2022-03-01,3,60003050,2022,1.0,Osorno
312,2022-03-01,3,60003055,2022,1.0,Osorno
313,2022-03-01,3,60003067,2022,0.0,Osorno
314,2022-03-01,3,60003070,2022,1.0,Osorno
315,2022-03-01,3,60003071,2022,14.0,Osorno
316,2022-03-01,3,60003093,2022,0.0,Osorno
317,2022-03-01,3,60003096,2022,0.0,Osorno
318,2022-03-01,3,60003103,2022,0.0,Osorno
319,2022-03-01,3,60003112,2022,1.0,Osorno
320,2022-03-01,3,60003115,2022,0.0,Osorno
321,2022-03-01,3,60003125,2022,1.0,Osorno
322,2022-03-01,3,60003126,2022,0.0,Osorno
323,2022-03-01,3,60003130,2022,1.0,Osorno
324,2022-03-01,3,60003140,2022,1.0,Osorno
325,2022-03-01,3,60003142,2022,5.0,Osorno
326,2022-03-01,3,60003146,2022,0.0,Osorno
327,2022-03-01,3,60003147,2022,1.0,Osorno
328,2022-03-01,3,60003149,2022,1.0,Osorno
329,2022-03-01,3,60003155,2022,1.0,Osorno
330,2022-03-01,3,60003157,2022,1.0,Osorno
331,2022-03-01,3,60003169,2022,1.0,Osorno
332,2022-03-01,3,60003170,2022,1.0,Osorno
333,2022-03-01,3,60003175,2022,1.0,Osorno
334,2022-03-01,3,60003177,2022,1.0,Osorno
335,2022-03-01,3,60003181,2022,0.0,Osorno
336,2022-03-01,3,60003187,2022,0.0,Osorno
337,2022-03-01,3,60003190,2022,1.0,Osorno
338,2022-03-01,3,60003192,2022,0.0,Osorno
339,2022-03-01,3,60003195,2022,0.0,Osorno
340,2022-03-01,3,60003196,2022,0.0,Osorno
341,2022-03-01,3,60003202,2022,1.0,Osorno
342,2022-03-01,3,60003204,2022,1.0,Osorno
343,2022-03-01,3,60003205,2022,0.0,Osorno
344,2022-03-01,3,60003209,2022,0.0,Osorno
345,2022-03-01,3,60003210,2022,0.0,Osorno
346,2022-03-01,3,60003213,2022,1.0,Osorno
347,2022-03-01,3,60003215,2022,1.0,Osorno
348,2022-03-01,3,60003216,2022,1.0,Osorno
349,2022-03-01,3,60003220,2022,0.0,Osorno
350,2022-03-01,3,60003221,2022,0.0,Osorno
351,2022-03-01,3,60003222,2022,0.0,Osorno
352,2022-03-01,3,60003223,2022,0.0,Osorno
353,2022-03-01,3,60003224,2022,0.0,Osorno
354,2022-03-01,3,60003227,2022,0.0,Osorno
355,2022-03-01,3,60003228,2022,0.0,Osorno
356,2022-03-01,3,60003229,2022,0.0,Osorno
357,2022-03-01,3,60003230,2022,0.0,Osorno
358,2022-03-01,3,60003231,2022,0.0,Osorno
359,2022-03-01,3,60003232,2022,0.0,Osorno
360,2022-03-01,3,60003233,2022,0.0,Osorno
361,2022-03-01,3,60003234,2022,0.0,Osorno
362,2022-03-01,3,60003235,2022,1.0,Osorno
363,2022-03-01,3,60003236,2022,0.0,Osorno
364,2022-03-01,3,60003237,2022,3.0,Osorno
365,2022-03-01,3,60003238,2022,1.0,Osorno
366,2022-03-01,3,60003239,2022,1.0,Osorno
367,2022-03-01,3,60003241,2022,0.0,Osorno
368,2022-03-01,3,60003243,2022,0.0,Osorno
369,2022-03-01,3,60003244,2022,0.0,Osorno
370,2022-03-01,3,60003245,2022,3.0,Osorno
371,2022-03-01,3,60003247,2022,1.0,Osorno
372,2022-03-01,3,60003248,2022,0.0,Osorno
373,2022-03-01,3,60003249,2022,0.0,Osorno
374,2022-03-01,3,60003250,2022,0.0,Osorno
375,2022-03-01,3,60003251,2022,0.0,Osorno
376,2022-03-01,3,60003252,2022,0.0,Osorno
377,2022-03-01,3,60003253,2022,2.0,Osorno
378,2022-03-01,3,60003260,2022,3.0,Osorno
379,2022-03-01,3,60003261,2022,2.0,Osorno
380,2022-03-01,3,60003264,2022,3.0,Osorno
381,2022-03-01,3,60003266,2022,1.0,Osorno
382,2022-03-01,3,60003267,2022,1.0,Osorno
383,2022-03-01,3,60003268,2022,1.0,Osorno
384,2022-03-01,3,60003270,2022,5.0,Osorno
385,2022-03-01,3,60003271,2022,2.0,Osorno
386,2022-03-01,3,60003273,2022,1.0,Osorno
387,2022-03-01,3,60003274,2022,1.0,Osorno
388,2022-03-01,3,60003275,2022,9.0,Osorno
389,2022-03-01,3,60003276,2022,5.0,Osorno
390,2022-03-01,3,60003277,2022,2.0,Osorno
391,2022-03-01,3,60003281,2022,1.0,Osorno
392,2022-03-01,3,60003293,2022,0.0,Osorno
393,2022-03-01,3,60003294,2022,20.0,Osorno
394,2022-03-01,3,60003295,2022,15.0,Osorno
395,2022-03-01,3,60003297,2022,1.0,Osorno
396,2022-03-01,3,60003299,2022,2.0,Osorno
397,2022-03-01,3,60003300,2022,6.0,Osorno
398,2022-03-01,3,60003301,2022,2.0,Osorno
399,2022-03-01,3,60003302,2022,1.0,Osorno
400,2022-03-01,3,60003304,2022,1.0,Osorno
401,2022-03-01,3,60003307,2022,1.0,Osorno
402,2022-03-01,3,60003308,2022,1.0,Osorno
403,2022-03-01,3,60003309,2022,1.0,Osorno
404,2022-03-01,3,60003310,2022,1.0,Osorno
405,2022-03-01,3,60003311,2022,1.0,Osorno
406,2022-03-01,3,60003312,2022,25.0,Osorno
407,2022-03-01,3,60003313,2022,2.0,Osorno
408,2022-03-01,3,60003316,2022,4.0,Osorno
409,2022-03-01,3,60003317,2022,1.0,Osorno
410,2022-03-01,3,60003323,2022,2.0,Osorno
411,2022-03-01,3,60003325,2022,3.0,Osorno
412,2022-03-01,3,60003328,2022,2.0,Osorno
413,2022-03-01,3,60003336,2022,1.0,Osorno
414,2022-03-01,3,90001331,2022,1.0,Osorno
415,2022-03-01,3,90001400,2022,0.0,Osorno
416,2022-03-01,3,90002217,2022,0.0,Osorno
417,2022-03-01,3,90002257,2022,17.0,Osorno
418,2022-03-01,3,90002337,2022,0.0,Osorno
419,2022-03-01,3,90002352,2022,0.0,Osorno
420,2022-03-01,3,90002355,2022,0.0,Osorno
421,2022-03-01,3,90002356,2022,0.0,Osorno
422,2022-03-01,3,90002357,2022,0.0,Osorno
423,2022-03-01,3,90002358,2022,0.0,Osorno
424,2022-03-01,3,90002359,2022,16.0,Osorno
425,2022-03-01,3,93001808,2022,5.0,Osorno
426,2022-04-01,4,10000957,2022,230.0,Osorno
427,2022-04-01,4,10001480,2022,0.0,Osorno
428,2022-04-01,4,10001603,2022,1.0,Osorno
429,2022-04-01,4,10001619,2022,6.0,Osorno
430,2022-04-01,4,10001638,2022,5.0,Osorno
431,2022-04-01,4,10001642,2022,11.0,Osorno
432,2022-04-01,4,11000491,2022,1.0,Osorno
433,2022-04-01,4,11001959,2022,4.0,Osorno
434,2022-04-01,4,11002418,2022,1.0,Osorno
435,2022-04-01,4,11003060,2022,0.0,Osorno
436,2022-04-01,4,11003085,2022,74.0,Osorno
437,2022-04-01,4,11003453,2022,10.0,Osorno
438,2022-04-01,4,11003531,2022,0.0,Osorno
439,2022-04-01,4,11003647,2022,23.0,Osorno
440,2022-04-01,4,11003667,2022,4.0,Osorno
441,2022-04-01,4,11003669,2022,24.0,Osorno
442,2022-04-01,4,11003777,2022,45.0,Osorno
443,2022-04-01,4,11003780,2022,0.0,Osorno
444,2022-04-01,4,20000130,2022,4600.0,Osorno
445,2022-04-01,4,20000250,2022,43061.0,Osorno
446,2022-04-01,4,21000437,2022,0.0,Osorno
447,2022-04-01,4,21000870,2022,30.0,Osorno
448,2022-04-01,4,21001200,2022,252.0,Osorno
449,2022-04-01,4,21001856,2022,202.0,Osorno
450,2022-04-01,4,21001894,2022,40.0,Osorno
451,2022-04-01,4,21001928,2022,20.0,Osorno
452,2022-04-01,4,21001962,2022,0.0,Osorno
453,2022-04-01,4,21001963,2022,0.0,Osorno
454,2022-04-01,4,21001965,2022,0.0,Osorno
455,2022-04-01,4,21001966,2022,28.0,Osorno
456,2022-04-01,4,21001967,2022,1.0,Osorno
457,2022-04-01,4,22000057,2022,6129.0,Osorno
458,2022-04-01,4,22000140,2022,0.0,Osorno
459,2022-04-01,4,22001831,2022,943.0,Osorno
460,2022-04-01,4,22001832,2022,0.0,Osorno
461,2022-04-01,4,22001853,2022,1712.0,Osorno
462,2022-04-01,4,22001854,2022,312.0,Osorno
463,2022-04-01,4,22001855,2022,2679.0,Osorno
464,2022-04-01,4,23000359,2022,4.0,Osorno
465,2022-04-01,4,23000360,2022,0.0,Osorno
466,2022-04-01,4,23000361,2022,4.0,Osorno
467,2022-04-01,4,24000180,2022,0.0,Osorno
468,2022-04-01,4,24000480,2022,0.0,Osorno
469,2022-04-01,4,24001230,2022,1.0,Osorno
470,2022-04-01,4,24001389,2022,1.0,Osorno
471,2022-04-01,4,24001402,2022,4.0,Osorno
472,2022-04-01,4,24001815,2022,7.0,Osorno
473,2022-04-01,4,24001971,2022,0.0,Osorno
474,2022-04-01,4,24002374,2022,0.0,Osorno
475,2022-04-01,4,24002477,2022,0.0,Osorno
476,2022-04-01,4,24002510,2022,0.0,Osorno
477,2022-04-01,4,24002511,2022,0.0,Osorno
478,2022-04-01,4,24002517,2022,0.0,Osorno
479,2022-04-01,4,24002518,2022,0.0,Osorno
480,2022-04-01,4,24002641,2022,1.0,Osorno
481,2022-04-01,4,24002669,2022,0.0,Osorno
482,2022-04-01,4,24002729,2022,1.0,Osorno
483,2022-04-01,4,24002732,2022,0.0,Osorno
484,2022-04-01,4,24002734,2022,0.0,Osorno
485,2022-04-01,4,24002738,2022,0.0,Osorno
486,2022-04-01,4,24002739,2022,0.0,Osorno
487,2022-04-01,4,24002744,2022,1.0,Osorno
488,2022-04-01,4,24002753,2022,0.0,Osorno
489,2022-04-01,4,24002757,2022,0.0,Osorno
490,2022-04-01,4,24002758,2022,1.0,Osorno
491,2022-04-01,4,24002768,2022,0.0,Osorno
492,2022-04-01,4,24002769,2022,0.0,Osorno
493,2022-04-01,4,24002772,2022,0.0,Osorno
494,2022-04-01,4,24002773,2022,0.0,Osorno
495,2022-04-01,4,25000200,2022,6.0,Osorno
496,2022-04-01,4,25000293,2022,0.0,Osorno
497,2022-04-01,4,25000572,2022,60.0,Osorno
498,2022-04-01,4,25001078,2022,1.0,Osorno
499,2022-04-01,4,25001265,2022,2.0,Osorno
500,2022-04-01,4,25001282,2022,0.0,Osorno
501,2022-04-01,4,27000083,2022,0.0,Osorno
502,2022-04-01,4,30001770,2022,0.0,Osorno
503,2022-04-01,4,30002018,2022,210.0,Osorno
504,2022-04-01,4,30002029,2022,350.0,Osorno
505,2022-04-01,4,30002038,2022,10.0,Osorno
506,2022-04-01,4,30002043,2022,10.0,Osorno
507,2022-04-01,4,30002044,2022,10.0,Osorno
508,2022-04-01,4,30002045,2022,10.0,Osorno
509,2022-04-01,4,30002046,2022,10.0,Osorno
510,2022-04-01,4,30002047,2022,0.0,Osorno
511,2022-04-01,4,30002061,2022,0.0,Osorno
512,2022-04-01,4,30002082,2022,50.0,Osorno
513,2022-04-01,4,30002090,2022,0.0,Osorno
514,2022-04-01,4,30002093,2022,0.0,Osorno
515,2022-04-01,4,30002096,2022,60.0,Osorno
516,2022-04-01,4,30002104,2022,80.0,Osorno
517,2022-04-01,4,30002105,2022,280.0,Osorno
518,2022-04-01,4,30002107,2022,0.0,Osorno
519,2022-04-01,4,30002112,2022,300.0,Osorno
520,2022-04-01,4,30002116,2022,1550.0,Osorno
521,2022-04-01,4,30002117,2022,1000.0,Osorno
522,2022-04-01,4,30002118,2022,80.0,Osorno
523,2022-04-01,4,30002119,2022,383.0,Osorno
524,2022-04-01,4,30002120,2022,60.0,Osorno
525,2022-04-01,4,30002121,2022,610.0,Osorno
526,2022-04-01,4,30002122,2022,710.0,Osorno
527,2022-04-01,4,30002123,2022,400.0,Osorno
528,2022-04-01,4,30002126,2022,130.0,Osorno
529,2022-04-01,4,30002129,2022,520.0,Osorno
530,2022-04-01,4,30002130,2022,800.0,Osorno
531,2022-04-01,4,30002131,2022,30.0,Osorno
532,2022-04-01,4,30002132,2022,300.0,Osorno
533,2022-04-01,4,30002136,2022,330.0,Osorno
534,2022-04-01,4,30002137,2022,20.0,Osorno
535,2022-04-01,4,30002139,2022,160.0,Osorno
536,2022-04-01,4,30002141,2022,30.0,Osorno
537,2022-04-01,4,30002142,2022,100.0,Osorno
538,2022-04-01,4,30002143,2022,120.0,Osorno
539,2022-04-01,4,30002145,2022,40.0,Osorno
540,2022-04-01,4,30002150,2022,15.0,Osorno
541,2022-04-01,4,30002153,2022,330.0,Osorno
542,2022-04-01,4,30002154,2022,370.0,Osorno
543,2022-04-01,4,30002155,2022,30.0,Osorno
544,2022-04-01,4,30002156,2022,255.0,Osorno
545,2022-04-01,4,30002157,2022,310.0,Osorno
546,2022-04-01,4,30002158,2022,160.0,Osorno
547,2022-04-01,4,30002159,2022,30.0,Osorno
548,2022-04-01,4,30002163,2022,100.0,Osorno
549,2022-04-01,4,30002165,2022,30.0,Osorno
550,2022-04-01,4,30002168,2022,25.0,Osorno
551,2022-04-01,4,30002180,2022,50.0,Osorno
552,2022-04-01,4,30002184,2022,200.0,Osorno
553,2022-04-01,4,30002191,2022,200.0,Osorno
554,2022-04-01,4,35000006,2022,140.0,Osorno
555,2022-04-01,4,35000030,2022,0.0,Osorno
556,2022-04-01,4,35000031,2022,0.0,Osorno
557,2022-04-01,4,35000038,2022,0.0,Osorno
558,2022-04-01,4,35000069,2022,1.0,Osorno
559,2022-04-01,4,35000070,2022,1.0,Osorno
560,2022-04-01,4,40000398,2022,0.0,Osorno
561,2022-04-01,4,40000401,2022,1.0,Osorno
562,2022-04-01,4,40000498,2022,0.0,Osorno
563,2022-04-01,4,41000570,2022,0.0,Osorno
564,2022-04-01,4,41000915,2022,0.0,Osorno
565,2022-04-01,4,41001297,2022,4.0,Osorno
566,2022-04-01,4,41001703,2022,0.0,Osorno
567,2022-04-01,4,41003786,2022,1.0,Osorno
568,2022-04-01,4,41003896,2022,0.0,Osorno
569,2022-04-01,4,41003898,2022,0.0,Osorno
570,2022-04-01,4,41003922,2022,0.0,Osorno
571,2022-04-01,4,41003948,2022,1.0,Osorno
572,2022-04-01,4,41003993,2022,0.0,Osorno
573,2022-04-01,4,41004016,2022,0.0,Osorno
574,2022-04-01,4,41004187,2022,0.0,Osorno
575,2022-04-01,4,41004232,2022,0.0,Osorno
576,2022-04-01,4,41004246,2022,1.0,Osorno
577,2022-04-01,4,41004249,2022,0.0,Osorno
578,2022-04-01,4,41004259,2022,0.0,Osorno
579,2022-04-01,4,41004260,2022,0.0,Osorno
580,2022-04-01,4,41004354,2022,1.0,Osorno
581,2022-04-01,4,41004433,2022,1.0,Osorno
582,2022-04-01,4,41004449,2022,1.0,Osorno
583,2022-04-01,4,41004454,2022,1.0,Osorno
584,2022-04-01,4,41004458,2022,0.0,Osorno
585,2022-04-01,4,41004461,2022,0.0,Osorno
586,2022-04-01,4,41004463,2022,2.0,Osorno
587,2022-04-01,4,41004466,2022,0.0,Osorno
588,2022-04-01,4,41004473,2022,0.0,Osorno
589,2022-04-01,4,41004476,2022,1.0,Osorno
590,2022-04-01,4,41004482,2022,0.0,Osorno
591,2022-04-01,4,41004486,2022,1.0,Osorno
592,2022-04-01,4,41004488,2022,1.0,Osorno
593,2022-04-01,4,41004493,2022,38.0,Osorno
594,2022-04-01,4,41004496,2022,2.0,Osorno
595,2022-04-01,4,41004507,2022,1.0,Osorno
596,2022-04-01,4,50000361,2022,0.0,Osorno
597,2022-04-01,4,50001192,2022,0.0,Osorno
598,2022-04-01,4,51000256,2022,0.0,Osorno
599,2022-04-01,4,51000453,2022,0.0,Osorno
600,2022-04-01,4,51000454,2022,0.0,Osorno
601,2022-04-01,4,51000455,2022,0.0,Osorno
602,2022-04-01,4,51000456,2022,0.0,Osorno
603,2022-04-01,4,51000457,2022,0.0,Osorno
604,2022-04-01,4,51000458,2022,0.0,Osorno
605,2022-04-01,4,51000459,2022,0.0,Osorno
606,2022-04-01,4,51000471,2022,0.0,Osorno
607,2022-04-01,4,51000472,2022,0.0,Osorno
608,2022-04-01,4,51000473,2022,0.0,Osorno
609,2022-04-01,4,51000474,2022,0.0,Osorno
610,2022-04-01,4,51000475,2022,0.0,Osorno
611,2022-04-01,4,51000476,2022,0.0,Osorno
612,2022-04-01,4,51000477,2022,0.0,Osorno
613,2022-04-01,4,51000513,2022,0.0,Osorno
614,2022-04-01,4,51000524,2022,0.0,Osorno
615,2022-04-01,4,60000111,2022,0.0,Osorno
616,2022-04-01,4,60000191,2022,0.0,Osorno
617,2022-04-01,4,60000902,2022,1.0,Osorno
618,2022-04-01,4,60001812,2022,0.0,Osorno
619,2022-04-01,4,60002525,2022,0.0,Osorno
620,2022-04-01,4,60002624,2022,1.0,Osorno
621,2022-04-01,4,60002649,2022,1.0,Osorno
622,2022-04-01,4,60002867,2022,1.0,Osorno
623,2022-04-01,4,60002880,2022,1.0,Osorno
624,2022-04-01,4,60002894,2022,1.0,Osorno
625,2022-04-01,4,60002906,2022,0.0,Osorno
626,2022-04-01,4,60002953,2022,0.0,Osorno
627,2022-04-01,4,60002995,2022,1.0,Osorno
628,2022-04-01,4,60003019,2022,0.0,Osorno
629,2022-04-01,4,60003032,2022,0.0,Osorno
630,2022-04-01,4,60003033,2022,1.0,Osorno
631,2022-04-01,4,60003044,2022,0.0,Osorno
632,2022-04-01,4,60003046,2022,1.0,Osorno
633,2022-04-01,4,60003047,2022,1.0,Osorno
634,2022-04-01,4,60003048,2022,0.0,Osorno
635,2022-04-01,4,60003050,2022,1.0,Osorno
636,2022-04-01,4,60003055,2022,0.0,Osorno
637,2022-04-01,4,60003067,2022,0.0,Osorno
638,2022-04-01,4,60003070,2022,0.0,Osorno
639,2022-04-01,4,60003071,2022,0.0,Osorno
640,2022-04-01,4,60003088,2022,1.0,Osorno
641,2022-04-01,4,60003093,2022,0.0,Osorno
642,2022-04-01,4,60003096,2022,0.0,Osorno
643,2022-04-01,4,60003103,2022,0.0,Osorno
644,2022-04-01,4,60003105,2022,2.0,Osorno
645,2022-04-01,4,60003112,2022,0.0,Osorno
646,2022-04-01,4,60003115,2022,0.0,Osorno
647,2022-04-01,4,60003125,2022,0.0,Osorno
648,2022-04-01,4,60003126,2022,0.0,Osorno
649,2022-04-01,4,60003130,2022,0.0,Osorno
650,2022-04-01,4,60003140,2022,0.0,Osorno
651,2022-04-01,4,60003142,2022,3.0,Osorno
652,2022-04-01,4,60003146,2022,0.0,Osorno
653,2022-04-01,4,60003147,2022,0.0,Osorno
654,2022-04-01,4,60003149,2022,1.0,Osorno
655,2022-04-01,4,60003153,2022,1.0,Osorno
656,2022-04-01,4,60003155,2022,1.0,Osorno
657,2022-04-01,4,60003157,2022,0.0,Osorno
658,2022-04-01,4,60003163,2022,1.0,Osorno
659,2022-04-01,4,60003169,2022,2.0,Osorno
660,2022-04-01,4,60003170,2022,1.0,Osorno
661,2022-04-01,4,60003175,2022,1.0,Osorno
662,2022-04-01,4,60003177,2022,1.0,Osorno
663,2022-04-01,4,60003179,2022,2.0,Osorno
664,2022-04-01,4,60003181,2022,0.0,Osorno
665,2022-04-01,4,60003187,2022,0.0,Osorno
666,2022-04-01,4,60003190,2022,0.0,Osorno
667,2022-04-01,4,60003192,2022,0.0,Osorno
668,2022-04-01,4,60003195,2022,1.0,Osorno
669,2022-04-01,4,60003196,2022,0.0,Osorno
670,2022-04-01,4,60003202,2022,0.0,Osorno
671,2022-04-01,4,60003204,2022,0.0,Osorno
672,2022-04-01,4,60003205,2022,0.0,Osorno
673,2022-04-01,4,60003209,2022,1.0,Osorno
674,2022-04-01,4,60003210,2022,0.0,Osorno
675,2022-04-01,4,60003212,2022,1.0,Osorno
676,2022-04-01,4,60003213,2022,2.0,Osorno
677,2022-04-01,4,60003215,2022,1.0,Osorno
678,2022-04-01,4,60003216,2022,0.0,Osorno
679,2022-04-01,4,60003217,2022,1.0,Osorno
680,2022-04-01,4,60003220,2022,0.0,Osorno
681,2022-04-01,4,60003221,2022,0.0,Osorno
682,2022-04-01,4,60003222,2022,4.0,Osorno
683,2022-04-01,4,60003223,2022,0.0,Osorno
684,2022-04-01,4,60003224,2022,0.0,Osorno
685,2022-04-01,4,60003227,2022,0.0,Osorno
686,2022-04-01,4,60003228,2022,0.0,Osorno
687,2022-04-01,4,60003229,2022,0.0,Osorno
688,2022-04-01,4,60003230,2022,0.0,Osorno
689,2022-04-01,4,60003231,2022,2.0,Osorno
690,2022-04-01,4,60003232,2022,0.0,Osorno
691,2022-04-01,4,60003233,2022,0.0,Osorno
692,2022-04-01,4,60003234,2022,0.0,Osorno
693,2022-04-01,4,60003235,2022,0.0,Osorno
694,2022-04-01,4,60003236,2022,0.0,Osorno
695,2022-04-01,4,60003237,2022,2.0,Osorno
696,2022-04-01,4,60003238,2022,2.0,Osorno
697,2022-04-01,4,60003239,2022,2.0,Osorno
698,2022-04-01,4,60003240,2022,1.0,Osorno
699,2022-04-01,4,60003241,2022,0.0,Osorno
700,2022-04-01,4,60003242,2022,1.0,Osorno
701,2022-04-01,4,60003243,2022,0.0,Osorno
702,2022-04-01,4,60003244,2022,0.0,Osorno
703,2022-04-01,4,60003245,2022,0.0,Osorno
704,2022-04-01,4,60003246,2022,2.0,Osorno
705,2022-04-01,4,60003247,2022,0.0,Osorno
706,2022-04-01,4,60003248,2022,0.0,Osorno
707,2022-04-01,4,60003249,2022,0.0,Osorno
708,2022-04-01,4,60003250,2022,0.0,Osorno
709,2022-04-01,4,60003251,2022,2.0,Osorno
710,2022-04-01,4,60003252,2022,2.0,Osorno
711,2022-04-01,4,60003253,2022,1.0,Osorno
712,2022-04-01,4,60003258,2022,2.0,Osorno
713,2022-04-01,4,60003260,2022,0.0,Osorno
714,2022-04-01,4,60003261,2022,0.0,Osorno
715,2022-04-01,4,60003262,2022,1.0,Osorno
716,2022-04-01,4,60003263,2022,-1.0,Osorno
717,2022-04-01,4,60003264,2022,1.0,Osorno
718,2022-04-01,4,60003266,2022,0.0,Osorno
719,2022-04-01,4,60003267,2022,0.0,Osorno
720,2022-04-01,4,60003268,2022,0.0,Osorno
721,2022-04-01,4,60003270,2022,1.0,Osorno
722,2022-04-01,4,60003271,2022,2.0,Osorno
723,2022-04-01,4,60003272,2022,1.0,Osorno
724,2022-04-01,4,60003273,2022,1.0,Osorno
725,2022-04-01,4,60003274,2022,1.0,Osorno
726,2022-04-01,4,60003275,2022,3.0,Osorno
727,2022-04-01,4,60003276,2022,0.0,Osorno
728,2022-04-01,4,60003277,2022,2.0,Osorno
729,2022-04-01,4,60003281,2022,0.0,Osorno
730,2022-04-01,4,60003291,2022,1.0,Osorno
731,2022-04-01,4,60003293,2022,0.0,Osorno
732,2022-04-01,4,60003294,2022,0.0,Osorno
733,2022-04-01,4,60003295,2022,0.0,Osorno
734,2022-04-01,4,60003297,2022,2.0,Osorno
735,2022-04-01,4,60003299,2022,1.0,Osorno
736,2022-04-01,4,60003300,2022,2.0,Osorno
737,2022-04-01,4,60003301,2022,2.0,Osorno
738,2022-04-01,4,60003302,2022,0.0,Osorno
739,2022-04-01,4,60003304,2022,2.0,Osorno
740,2022-04-01,4,60003307,2022,0.0,Osorno
741,2022-04-01,4,60003308,2022,0.0,Osorno
742,2022-04-01,4,60003309,2022,0.0,Osorno
743,2022-04-01,4,60003310,2022,0.0,Osorno
744,2022-04-01,4,60003311,2022,0.0,Osorno
745,2022-04-01,4,60003312,2022,0.0,Osorno
746,2022-04-01,4,60003313,2022,0.0,Osorno
747,2022-04-01,4,60003314,2022,1.0,Osorno
748,2022-04-01,4,60003316,2022,0.0,Osorno
749,2022-04-01,4,60003317,2022,2.0,Osorno
750,2022-04-01,4,60003318,2022,1.0,Osorno
751,2022-04-01,4,60003319,2022,1.0,Osorno
752,2022-04-01,4,60003322,2022,3.0,Osorno
753,2022-04-01,4,60003323,2022,1.0,Osorno
754,2022-04-01,4,60003324,2022,5.0,Osorno
755,2022-04-01,4,60003325,2022,0.0,Osorno
756,2022-04-01,4,60003326,2022,0.0,Osorno
757,2022-04-01,4,60003328,2022,5.0,Osorno
758,2022-04-01,4,60003329,2022,1.0,Osorno
759,2022-04-01,4,60003330,2022,1.0,Osorno
760,2022-04-01,4,60003332,2022,1.0,Osorno
761,2022-04-01,4,60003336,2022,0.0,Osorno
762,2022-04-01,4,60003337,2022,1.0,Osorno
763,2022-04-01,4,60003340,2022,1.0,Osorno
764,2022-04-01,4,60003341,2022,1.0,Osorno
765,2022-04-01,4,60003342,2022,6.0,Osorno
766,2022-04-01,4,60003344,2022,3.0,Osorno
767,2022-04-01,4,60003347,2022,1.0,Osorno
768,2022-04-01,4,60003350,2022,2.0,Osorno
769,2022-04-01,4,60003351,2022,6.0,Osorno
770,2022-04-01,4,60003354,2022,2.0,Osorno
771,2022-04-01,4,60003357,2022,1.0,Osorno
772,2022-04-01,4,60003359,2022,4.0,Osorno
773,2022-04-01,4,60003360,2022,1.0,Osorno
774,2022-04-01,4,60003361,2022,1.0,Osorno
775,2022-04-01,4,60003363,2022,1.0,Osorno
776,2022-04-01,4,60003365,2022,1.0,Osorno
777,2022-04-01,4,60003366,2022,1.0,Osorno
778,2022-04-01,4,60003367,2022,1.0,Osorno
779,2022-04-01,4,60003368,2022,1.0,Osorno
780,2022-04-01,4,60003369,2022,1.0,Osorno
781,2022-04-01,4,60003393,2022,2.0,Osorno
782,2022-04-01,4,60003394,2022,2.0,Osorno
783,2022-04-01,4,80000857,2022,1.0,Osorno
784,2022-04-01,4,90001331,2022,0.0,Osorno
785,2022-04-01,4,90001400,2022,0.0,Osorno
786,2022-04-01,4,90002217,2022,0.0,Osorno
787,2022-04-01,4,90002257,2022,0.0,Osorno
788,2022-04-01,4,90002337,2022,0.0,Osorno
789,2022-04-01,4,90002352,2022,0.0,Osorno
790,2022-04-01,4,90002355,2022,0.0,Osorno
791,2022-04-01,4,90002356,2022,0.0,Osorno
792,2022-04-01,4,90002357,2022,0.0,Osorno
793,2022-04-01,4,90002358,2022,0.0,Osorno
794,2022-04-01,4,90002359,2022,23.0,Osorno
795,2022-04-01,4,90002361,2022,24.0,Osorno
796,2022-04-01,4,90002364,2022,1.0,Osorno
797,2022-04-01,4,90002367,2022,1.0,Osorno
798,2022-04-01,4,90002368,2022,2.0,Osorno
799,2022-04-01,4,90002369,2022,4.0,Osorno
800,2022-04-01,4,90002370,2022,6.0,Osorno
801,2022-04-01,4,90002372,2022,1.0,Osorno
802,2022-04-01,4,90002373,2022,1.0,Osorno
803,2022-04-01,4,90002374,2022,2.0,Osorno
804,2022-04-01,4,90002379,2022,2.0,Osorno
805,2022-04-01,4,90002380,2022,2.0,Osorno
806,2022-04-01,4,90002384,2022,4.0,Osorno
807,2022-04-01,4,90002386,2022,4.0,Osorno
808,2022-04-01,4,93001808,2022,2.0,Osorno
